NAME;SEX
Joel;M
Chalmer;M
Tyreek;M
German;M
Cari;F
Josh;M
Vernita;F
Jewel;M
Linette;F
Candy;F
Maximo;M
Pink;M
Breonna;F
Clarice;F
Fredy;M
Zoey;F
Destinee;F
Edla;F
Tracy;M
Edrie;F
Lidie;F
Willow;F
Simmie;M
Marylin;F
Bradford;M
Caryl;F
Letitia;F
Deena;F
Edgar;M
Elenor;F
Easton;M
Trisha;F
Alecia;F
Gannon;M
Marleen;F
Edward;M
Vanesa;F
Ilona;F
Ned;M
Erich;M
Leontine;F
Roscoe;M
Tiara;F
Ola;M
Pearley;M
Palma;F
Alfreda;F
Kenisha;F
Kimber;F
Harlan;M
Suzette;F
Pamala;F
Verle;M
Sinda;F
Cathern;F
Verona;F
Elisha;M
Tyshawn;M
Marcellus;M
Reuben;M
Emory;M
Salvador;M
Shanelle;F
Alba;M
Heath;M
Maya;F
Amos;M
Marquise;M
Coleen;F
Harvie;M
Liana;F
Lynda;F
Louise;M
Harrell;M
Malakai;M
Shep;M
Shaniece;F
Thurston;M
Ira;M
Flor;F
Hosie;M
Josef;M
Merry;F
Pierce;M
Zara;F
Millicent;F
Keena;F
Enzo;M
Cayden;M
Bradyn;M
Halsey;M
Josue;M
Rosey;F
Emmy;F
Shelbi;F
Celina;F
Reyna;F
Bertha;M
Birtha;F
Linzy;M
Kenney;M
Carmine;M
Mozelle;F
Toy;M
Haiden;M
Tolbert;M
Doll;M
Zechariah;M
Annie;M
Nettie;F
Alleen;F
Lovell;M
Arthor;M
Emilio;M
Christy;M
Adolphus;M
Crete;F
Ace;M
Gertie;F
Melton;M
Manila;F
Allen;M
Venessa;F
Marcelo;M
Romona;F
Hazle;F
Edison;M
Evelyn;M
Gabriela;F
Royal;M
Jada;F
Norma;F
Madge;F
Andre;M
Benjman;M
Peyton;M
Jeremiah;M
Kody;M
Berkley;M
Brooks;M
Levy;M
Tangela;F
Diallo;M
Madelynn;F
Sylvan;M
Paulette;F
Margaretha;F
maled;M
Delwin;M
Emily;F
Goldia;F
Griffith;M
Alger;M
Sheri;F
Shardae;F
Alwin;M
Tanya;F
Ciara;F
Ester;M
Hessie;F
Isabela;F
Florentino;M
Arther;M
Bishop;M
Janae;F
Darby;M
Inga;F
Wesley;M
Janell;F
Arlan;M
Glinda;F
Demarcus;M
Miah;F
Trae;M
Aylin;F
Gena;F
Davy;M
Christene;F
Sheryll;F
Vennie;F
Esequiel;M
Alexa;F
Merna;F
Renada;F
Melodie;F
Brandan;M
Bart;M
Blain;M
Dejon;M
Delmas;M
Lane;M
Lyn;M
Tonda;F
Brisa;F
Efrain;M
Kalie;F
Jerrad;M
Giovani;M
Farrell;M
Deidra;F
Auguste;M
Loran;M
Shari;F
Dinah;F
Robt;M
Shara;F
Duff;M
Evonne;F
Beula;F
Anneliese;F
Dawson;M
Levi;M
Damaris;F
Orville;M
Evalyn;F
Julie;F
Sharita;F
Long;M
Phil;M
Ike;M
Calista;F
Randell;M
Noemie;F
Jessee;M
Vinson;M
Severo;M
Iola;F
Roderick;M
Westley;M
Darcy;M
Darien;M
Charlize;F
Tamara;F
Roxann;F
Ruby;M
Virgie;M
Roe;M
Donato;M
Kala;F
Vassie;F
Ariane;F
Eloisa;F
Llewellyn;M
Anissa;F
Haylee;F
Ardell;M
Rutha;F
Chandler;M
Janelle;F
Hasel;F
Billye;F
Ebbie;M
Amari;M
Viridiana;F
Jay;M
Beau;M
Nellie;M
Esteban;M
Karin;F
Ebb;M
Cruz;M
Alannah;F
Chanie;F
Stella;F
Chynna;F
Pleas;M
Nobie;F
Melanie;F
Maryjane;F
Eller;F
Lovina;F
Maury;M
Kellie;F
Holmes;M
Chanda;F
Epifanio;M
Annette;F
Ephram;M
Murry;M
Lyman;M
Leroy;M
Genevra;F
Gennie;F
Kayleigh;F
Lollie;F
Lott;M
Orvin;M
Etter;F
Jami;F
Wilburn;M
Manervia;F
Sula;F
Kaaren;F
Taniyah;F
Milo;M
Ambers;M
Koen;M
Bea;F
Jesus;M
Tamia;F
Winnifred;F
Payton;M
Lucille;M
Susann;F
Dorcas;F
Grecia;F
Russell;M
Josiephine;F
Addisyn;F
Myrl;M
Cain;M
Burnett;M
Emelia;F
Malorie;F
Isobel;F
Taurus;M
Burk;M
Mame;F
Cornelius;M
Enrico;M
Salvatore;M
Margarite;F
Kirstin;F
Mikhail;M
Todd;M
Ethel;M
Evon;F
Terrell;M
Mona;F
Garrett;M
Cordell;M
Chuck;M
Abby;F
Kyla;F
Jajuan;M
Hiroshi;M
Fernando;M
Luvinia;F
Jeramie;M
Jimmie;M
Brad;M
Krystle;F
Stephan;M
Lorelei;F
Lorrie;F
Landen;M
Tawanna;F
Cleave;M
Aggie;F
Nyasia;F
Bruno;M
Johnie;M
Helene;F
Moira;F
Clarissa;F
Dalia;F
Lorine;F
Cas;M
Dontae;M
Mariana;F
Marva;F
Jarret;M
Earley;M
Bell;M
Ronaldo;M
Demond;M
Corda;F
Anabella;F
Tito;M
Wilda;F
Brande;F
Daisye;F
Missouri;F
Kent;M
Brodie;M
Anabelle;F
Jamison;M
Dequan;M
Celine;F
Rudolfo;M
Keagan;M
Bianca;F
Lethia;F
Gage;M
Lucio;M
Leaner;F
Shaniqua;F
Loree;F
Beverly;M
Gia;F
Attie;F
Rihanna;F
Tab;M
Rubin;M
Dulcie;F
Eliana;F
Auther;M
Fidencio;M
Hilda;F
Sharyn;F
Sara;F
Thedore;M
Felicity;F
Andy;M
Vernice;F
Orange;M
Amin;M
Bernice;M
Branch;M
Glen;M
Wilhelm;M
Gaines;M
Neppie;F
Aracely;F
Hjalmer;M
Ryley;M
Baldwin;M
Karsyn;F
Vickie;F
Estefani;F
Altha;F
Kelby;M
Tyesha;F
Slade;M
Skyla;F
Alabama;F
Treva;F
Efren;M
Ishaan;M
Darcie;F
Gauge;M
Breann;F
Kraig;M
Stanton;M
Ibrahim;M
Cyndi;F
Rolla;M
Zane;M
Howard;M
Liberty;F
Uriah;M
Brain;M
Amon;M
Katlynn;F
Krystal;F
Ivory;M
Tilden;M
Pasquale;M
Averie;F
Danna;F
Mat;M
Siddie;F
Lockie;F
Pershing;M
Cathleen;F
Lyda;F
Leslee;F
Nick;M
Lars;M
Jaylynn;F
Krystina;F
Misti;F
Lizette;F
Valentina;F
Brinda;F
Nicolette;F
Jose;M
Elbert;M
Sheldon;M
Desirae;F
Milda;F
Azalee;F
Lizbeth;F
Dorathy;F
Jovita;F
Montserrat;F
Peggy;F
Mell;M
Kirby;M
Hermina;F
Francis;M
Daniel;M
Gavyn;M
Xavier;M
Julian;M
Susanna;F
Easter;F
Alby;M
Mauro;M
Antonio;M
Jonna;F
Markus;M
Francisqui;F
Icy;F
Fernanda;F
Price;M
Spencer;M
Vonetta;F
Irene;M
Twila;F
King;M
Suzanne;F
Isam;M
Tamisha;F
Brenton;M
Gracelyn;F
Maymie;F
Baker;M
Miriah;F
Fannie;M
Phyllis;F
Vallie;F
Beda;F
Aliya;F
Makaila;F
Benito;M
Carleigh;F
Elenore;F
Tabatha;F
Norbert;M
Tamica;F
Belton;M
Charleen;F
Isla;F
Marjory;F
Areli;F
Franc;F
Arlene;F
Lee;M
Merl;M
Magdalena;F
Amaya;F
Amasa;M
Jocelyne;F
Willam;M
Tripp;M
Loria;F
Abraham;M
Joni;F
Alcie;F
Judson;M
Windy;F
Tiny;F
Ernie;M
Kiya;F
Mckenzie;F
Holli;F
Keara;F
Kit;M
Haskell;M
Loyd;M
Eldon;M
Stefani;F
Porter;M
Jonah;M
Donn;M
Hildegarde;F
Lalla;F
Graciela;F
Sandra;M
Sarrah;F
Kordell;M
Eliot;M
Brogan;M
Jerimiah;M
Berdie;F
Aleen;F
Glynis;F
Dahlia;F
Blanchie;F
Davis;M
Arleth;F
Donita;F
Damari;M
Miguelangel;M
Deliah;F
Shyheim;M
Vidal;M
Melany;F
Governor;M
Wade;M
Carlotta;F
Stephani;F
Jana;F
Jakob;M
Ariel;M
Devin;M
Glover;M
Keely;F
Laci;F
Monique;F
Kathrine;F
Fronie;F
Rhonda;F
Philomene;F
Claribel;F
Jayce;M
Paige;F
Alida;F
Kane;M
Tanja;F
Rice;M
Giselle;F
Refugio;M
Johnnie;M
Stormy;F
Vanessa;F
Alberto;M
Fleet;M
Spring;F
Jordi;M
Danica;F
Tamra;F
Cap;M
Akeem;M
Belle;F
Starling;M
Lyla;F
Allyn;M
Robyn;F
Douglass;M
Jerrell;M
Keshawn;M
Karie;F
Sannie;F
Edythe;F
Paisley;F
Kimball;M
Dorene;F
Gaynell;F
Leola;F
Raynard;M
Hyrum;M
Misael;M
Mark;M
Kailee;F
Lavonda;F
Jaida;F
Thyra;F
Chantal;F
Moises;M
Saul;M
Krista;F
Deneen;F
Prosper;M
Gust;M
Kennedi;F
Jaycie;F
Jenilee;F
Sanaa;F
Matias;M
Eric;M
Mandi;F
Conway;M
Orlo;M
Ariana;F
Donald;M
Jesenia;F
Kaitlynn;F
Teddie;M
Hal;M
Savannah;F
Beckie;F
Villa;F
Trevor;M
Reubin;M
Mahlon;M
Jennings;M
Jaylin;M
Gail;M
Jaxon;M
Sol;M
Ricardo;M
Gael;M
Coolidge;M
Cassandra;F
Marrion;M
Butler;M
Parlee;F
Ruthann;F
Shedrick;M
Corinne;F
Alize;F
Loney;M
Oliver;M
Darwyn;M
Kyrie;F
Lenny;M
Milas;M
Arlyne;F
Harding;M
Ashlee;F
Zelia;F
Burrel;M
Parley;M
Myranda;F
Emilia;F
Mordechai;M
Shante;F
Cesar;M
Vincent;M
Lark;M
Dee;M
Eldridge;M
Arkie;F
Mayme;F
Keith;M
Adolf;M
Abb;M
Othel;M
Lita;F
Huey;M
Nallely;F
Valentino;M
Durrell;M
Mafalda;F
Daisie;F
Metro;M
Jaylyn;F
Margene;F
Sanai;F
Edmonia;F
Joey;M
Vessie;F
Cal;M
Laylah;F
Savon;M
Ether;F
Kirstie;F
Avon;M
Arlo;M
Qiana;F
Pansy;F
Sherree;F
Esco;M
Jodi;F
Arnulfo;M
York;M
Alvy;M
Zetta;F
Ardelia;F
Dillon;M
Francesco;M
Aubrey;M
Mac;M
Charisse;F
Augustine;M
Izaiah;M
Cherryl;F
Jaslyn;F
Audley;M
Ami;F
Dorathea;F
Ashly;F
Kay;M
Jarrett;M
Sarai;F
Henery;M
Augustin;M
Simona;F
Albertus;M
Brien;M
Florian;M
Stephany;F
Earnest;M
Elroy;M
Cathi;F
Lulla;F
Corliss;F
Liam;M
Cristen;F
Jairo;M
Caleb;M
Marcella;F
Vannie;F
Amaris;F
Stonewall;M
Lillia;F
Ella;M
Delia;F
Grove;M
Hannah;F
Ramiro;M
Jefferey;M
Darci;F
Almer;M
Rupert;M
Lelar;F
Angelina;F
Minna;F
Brittaney;F
Lyndsey;F
Caesar;M
Minoru;M
Delcie;F
Kali;F
Lakeshia;F
Greta;F
Steward;M
Mohammad;M
Teressa;F
Bynum;M
Loy;M
Lesia;F
Christina;M
Damon;M
Trudy;F
Marcelino;M
Georgeanna;F
Sincere;M
Ellen;M
Keyshawn;M
Theodore;M
Alivia;F
Theodosia;F
Karly;F
Davin;M
Shelley;M
Tamela;F
Brice;M
Devan;M
Verlie;F
Infant;M
Isadora;F
Enrique;M
Cleveland;M
Tori;F
Mettie;F
Olympia;F
Harlow;M
Phoebe;F
Alfonse;M
Taj;M
Anders;M
Sarah;M
Jorge;M
Mackenzie;M
Galilea;F
Bentley;M
Sibyl;F
Hattie;M
Lamont;M
Joleen;F
Araceli;F
Felicia;F
Herman;M
Dixon;M
Frances;M
Kate;F
Mindy;F
Eunice;M
Ina;F
Alvis;M
Salma;F
Cassidy;M
Ellison;M
Hobert;M
Kathaleen;F
Lenwood;M
Floy;M
Alejandra;F
Brandee;F
Moshe;M
Blossom;F
Colby;M
Maddison;F
Armstead;M
Deion;M
Martina;F
Eulah;F
Denise;F
Francina;F
Little;M
Sherry;F
Virgel;M
Tinie;F
Icey;F
Pearla;F
Rozanne;F
Casper;M
Ashlea;F
Spenser;M
Colton;M
Omar;M
Margaretta;F
Bryon;M
Clement;M
Dorothy;M
Meredith;M
Veola;F
Darlene;F
Acey;M
Iridian;F
Barbara;M
Zella;F
Joslyn;F
Sienna;F
Greene;M
Davonta;M
Oneta;F
Trina;F
Redmond;M
Channing;M
Therese;F
Lawson;M
Wash;M
Estell;M
Arman;M
Kaliyah;F
Renata;F
Nada;F
Hervey;M
Gearld;M
Abbie;M
Devonte;M
Jean;M
Clive;M
Milburn;M
Rebecca;M
Duwayne;M
Nan;F
Alina;F
Erving;M
Bryce;M
Serena;F
Caddie;F
Freeman;M
Alto;M
Woodrow;M
Kash;M
Kayla;F
Dave;M
Noah;M
Ouida;F
Shannen;F
Quiana;F
Ethelbert;M
Malia;F
Nery;M
Phebe;F
Talon;M
Jacquelyn;F
Hazel;M
Tasia;F
Ayaan;M
Margretta;F
Irine;F
Keenen;M
Curley;M
Lissie;F
Anie;F
Geary;M
Sampson;M
Estes;M
Tanner;M
Kimberlee;F
Ottie;M
Rozella;F
Gibson;M
Mira;F
Djuana;F
Faith;F
Braedon;M
Leonia;F
Mahalie;F
Zilpah;F
Clydie;F
Fabiola;F
Abe;M
Taryn;F
Krysta;F
Janis;F
Burnell;M
Alaina;F
Alphonsus;M
Adin;M
Delfina;F
Myra;F
Harden;M
Teri;F
Benji;M
Fleeta;F
Julianne;F
Alma;M
Doshia;F
Anjali;F
Verdell;F
Octavie;F
Huston;M
Goebel;M
Ezequiel;M
Christian;M
Carey;M
Nicholaus;M
Nolia;F
Kailyn;F
Maybell;F
Ciji;F
Ott;M
Domonique;M
Mellie;F
Zigmund;M
Alonzo;M
Yaakov;M
Denisha;F
Hadassah;F
Halbert;M
Jabbar;M
Brennan;M
Amalia;F
Iver;M
Damien;M
Christena;F
Roseanne;F
Waldo;M
Delle;F
Nestor;M
Marina;F
Bertina;F
Rosita;F
Alexandre;M
Chadwick;M
Monty;M
Nathen;M
Kanisha;F
Burke;M
Carlo;M
Roxy;F
Cristi;F
Bridger;M
Sal;M
Celestia;F
Vina;F
Sharron;F
Kristal;F
Hart;M
Tucker;M
Metha;F
Garvin;M
Elfie;F
Archibald;M
Kalvin;M
Corbett;M
Rashawn;M
Lamonte;M
Hallie;M
Toby;M
Colie;M
Dayami;F
Tiana;F
Domenick;M
Bama;F
Jovanny;M
Cindi;F
Judah;M
Margie;F
Oralia;F
Scarlet;F
Stacie;F
Tomeka;F
Averi;F
Clifton;M
Ransom;M
Josephine;M
Deshaun;M
Eleonore;F
Pablo;M
Etta;F
Sharde;F
Jelani;M
India;F
Emmitt;M
Louetta;F
Karley;F
Eusebio;M
Karren;F
Missie;F
Luverne;M
Bebe;F
Rashida;F
Antione;M
Encarnacion;M
Marlon;M
Glendora;F
Mickey;M
Brenden;M
Hartley;M
Janey;F
Abril;F
Akira;M
Lawerence;M
Emmalee;F
Michelina;F
Theta;F
Addie;M
Skyler;M
Marnie;F
Nolen;M
Netta;F
Permelia;F
Maiya;F
Kazuko;F
Larry;M
Samson;M
Calla;F
Lambert;M
Marlen;F
Erin;M
Clemon;M
Flo;F
Orley;M
Hampton;M
Ovila;M
Colbert;M
Coty;M
Elise;F
Dakota;M
Hermann;M
Terese;F
Ximena;F
Azzie;F
Zollie;M
Tawnya;F
Dionicio;M
Farris;M
Manerva;F
Gisselle;F
Gonzalo;M
Kaylen;F
Lenora;F
Alline;F
Nyla;F
Tyrell;M
Sherrie;F
Carolee;F
Jamel;M
Rosann;F
Rosendo;M
Daniella;F
Dylan;M
Gilford;M
Arvil;M
Hamp;M
Christie;F
Agness;F
Ivan;M
Jep;M
Stephen;M
Parthenia;F
Oran;M
Phylis;F
Merle;M
Sherron;F
Kaydence;F
Cinnamon;F
Sherie;F
Shelia;F
Murl;M
Rafe;M
Jack;M
Consuelo;F
Susie;M
Josefina;F
Commodore;M
Louisiana;F
Loma;F
Harmony;F
Maeve;F
Selena;F
Posey;M
Angus;M
Vertie;F
Savion;M
Pinkey;F
Almedia;F
Ewart;M
Elex;M
Trista;F
Lilly;F
Treyvon;M
Tennille;F
Cherry;F
Lisette;F
Adria;F
Collette;F
Keion;M
Cherise;F
Angeline;F
Constance;F
Cleon;M
Keyla;F
Avis;F
Dwaine;M
Xander;M
Asberry;M
Bernard;M
Nikolai;M
Elizabeth;M
Virdie;F
Dot;F
Mickie;F
Hulda;F
Nancy;M
Joelle;F
Albertina;F
Euphemia;F
Katelynn;F
Hung;M
Declan;M
Tyler;M
Marcie;F
Rayburn;M
Pollie;F
Alexina;F
Kaitlyn;F
Wilton;M
Tameka;F
Theresa;F
Dejuan;M
Noel;M
Tari;F
Haruko;F
Tommie;M
Alvaro;M
Tom;M
Clarke;M
Theresia;F
Aidyn;M
Patsy;M
Hildur;F
Latanya;F
Purl;M
Jaelynn;F
Sigurd;M
Ryleigh;F
Jase;M
Mistie;F
Sigrid;F
Zenobia;F
Lorie;F
Sharman;F
Ruie;F
Eithel;F
Franz;M
Ronnie;M
Wellington;M
Candido;M
Brayden;M
Sonia;F
Assunta;F
Daron;M
Javonte;M
Immanuel;M
Art;M
Christiana;F
Janiya;F
Jarrod;M
Aura;F
Alston;M
Aida;F
Jo;F
Cappie;F
Kiana;F
Annice;F
Latisha;F
Ottilie;F
Ralph;M
Kamilah;F
Rigoberto;M
Von;M
Nakisha;F
Delina;F
Jameel;M
Lorri;F
Janie;F
Regina;F
Camisha;F
Romaine;F
Sunshine;F
Moody;M
Santos;M
Cami;F
Nigel;M
Jann;F
Frida;F
Michale;M
Elianna;F
Kennard;M
Vergie;F
Almond;M
Roy;M
Marolyn;F
Antwain;M
Joaquin;M
Brooke;F
Holden;M
Leonce;M
Kenji;M
Archer;M
Destiny;F
Lana;F
Byron;M
Courtney;M
Debora;F
Irma;F
Carl;M
Penelope;F
Beverlee;F
Della;M
Alexandrea;F
Verne;M
Debroah;F
Kolton;M
Simon;M
Taja;F
Offie;M
Derl;M
Loda;F
Gerold;M
Bridgett;F
Oleta;F
Oney;F
Leonel;M
Kandi;F
Genesis;F
Grayling;M
Atticus;M
Garnet;M
Armin;M
Dorsey;M
Emanuel;M
Helyn;F
Abelardo;M
Dempsey;M
Abbott;M
Sammy;M
Jeffery;M
Erla;F
Ilo;F
Judith;M
Catina;F
Elouise;F
Alys;F
Lettie;F
Aron;M
Birdella;F
Bradly;M
Hetty;F
Willian;M
Eddy;M
Cyntha;F
Una;F
Zadie;F
Carleton;M
Linus;M
Denny;M
Brantley;M
Giovanni;M
Gunda;F
Raquan;M
Jan;M
Merlyn;M
Marcy;F
Hollis;M
Susan;M
Roslyn;F
Wendell;M
Jamil;M
Rikki;F
Trinity;M
Goldie;M
Beulah;M
Waylon;M
Flora;M
Eben;M
Ray;M
Darl;M
Alvira;F
Major;M
Candace;F
Dolph;M
Kai;M
Lakisha;F
Kattie;F
Robb;M
Tyrik;M
Meyer;M
Foch;M
Austin;M
Nayely;F
Leonor;F
Micayla;F
Paola;F
Erik;M
Dwane;M
Cherilyn;F
Arly;F
Desmond;M
Glenda;F
Bjorn;M
Annetta;F
Ryann;F
Orie;M
Chester;M
Terence;M
Merwin;M
Salina;F
Delmer;M
Dorine;F
Deana;F
Lelah;F
Mignon;F
Aubrie;F
Dax;M
Dyan;F
Jovan;M
Garth;M
Elizbeth;F
Jory;M
Haden;M
Kwame;M
Berta;F
Gifford;M
Everette;M
Donia;F
Hyman;M
Dora;M
Cindy;F
Colten;M
Arlington;M
Brittney;F
Marti;F
Elena;F
Doug;M
Donell;M
Shanae;F
Roseann;F
Bartley;M
Mena;F
Liston;M
Christine;F
Tamya;F
Crystal;M
Kaley;F
Daniele;F
Sarita;F
Briana;F
Shayna;F
Tricia;F
Echo;F
Vic;M
Asia;F
Jannette;F
Samara;F
Gearldine;F
Anthony;M
Ervin;M
Kavon;M
Korbin;M
Maura;F
Wilfred;M
Ethan;M
Classie;F
Rettie;F
Jaunita;F
Freeda;F
Yoselin;F
Coleman;M
Annabell;F
Sterling;M
Cydney;F
Chalmers;M
Rosy;F
Venus;F
Schuyler;M
Machelle;F
Deandre;M
Yasmeen;F
Vance;M
Wardell;M
Melville;M
Irving;M
Selma;F
Alease;F
Marshall;M
Medora;F
Shawnte;F
Shaquille;M
Jarvis;M
Darry;M
Jenniffer;F
Tanisha;F
Mallory;F
Mitchell;M
Marcelina;F
Mabel;M
Rosalyn;F
Lurena;F
David;M
Laquan;M
Kurtis;M
Henriette;F
Kanesha;F
Jackie;M
Reilly;M
Zack;M
Davon;M
Rollin;M
Olof;M
Leva;F
Adelle;F
Kobe;M
Lona;F
Jacki;F
Percival;M
Oma;F
Handy;M
Dimple;F
Namon;M
Cena;F
Joretta;F
Timmothy;M
Nohely;F
Desi;M
Keyon;M
Geoffrey;M
Demetra;F
Ginny;F
Karolyn;F
Darell;M
Martin;M
Heyward;M
Isabell;F
Pairlee;F
Isamar;F
Campbell;M
Cuba;F
Candida;F
Reina;F
Montana;M
Urijah;M
Jim;M
Ricci;M
Ali;M
Murdock;M
Gustie;F
Elam;M
Curtis;M
Oland;M
Fae;F
Tenika;F
Chrissie;F
Georgina;F
Kendra;F
Irl;M
Jalon;M
Skip;M
Kolten;M
Claude;M
Deondre;M
Halle;F
Imo;F
Kaya;F
Niles;M
Bernie;M
Mittie;F
Henri;M
Warren;M
Lindell;M
Hortencia;F
Kaylie;F
Syble;F
Charla;F
Waneta;F
Alisson;F
Keifer;M
Ceil;F
Ashlie;F
Ken;M
Odelia;F
Sarahi;F
Dayle;F
Trenten;M
Estella;F
Monroe;M
Mearl;M
Etha;F
Turner;M
Jaylah;F
Daren;M
Dannielle;F
Sadie;F
Karyme;F
Lauren;M
Charissa;F
Molly;F
Audra;F
Beth;F
Maegan;F
Rosie;F
Fleta;F
Linda;M
Wayne;M
Marcel;M
Trevon;M
Katharina;F
Simone;F
Erie;M
Claudette;F
Aurelia;F
Weaver;M
Asha;F
Tilla;F
Barbra;F
Renae;F
Rome;M
Lary;M
Maliyah;F
Clarinda;F
Eloise;F
Verlyn;M
Delton;M
Media;F
Kamryn;M
Tula;F
Ashton;M
Wiliam;M
Cynthia;M
Mareli;F
Dwyane;M
Haley;F
Bryson;M
Kaye;M
Carlyle;M
Sanders;M
Orren;M
Lilah;F
Verl;M
Gloria;M
Marta;F
Marge;F
Jude;M
Menachem;M
Keanna;F
Sheilah;F
Angelo;M
Adlai;M
Geo;M
Aditya;M
Emmet;M
Caitlin;F
Laurie;M
Alani;F
Harley;M
Andrea;M
Malachi;M
Ross;M
Elmina;F
Jalynn;F
Noemi;F
Ladonna;F
Khalid;M
Saint;M
Coley;M
Robley;M
Marland;M
Levon;M
Mammie;F
Pearle;F
Tomika;F
Josephus;M
Monika;F
Marlee;F
Eola;F
Aryan;M
Davian;M
Kristian;M
Jaylen;M
Gavin;M
Zora;F
Che;M
Axel;M
Maleah;F
Lela;F
Nakita;F
Ellery;M
Katherine;M
Yosef;M
Tatianna;F
Gwendolyn;F
Gaige;M
Karma;F
Madisyn;F
Alissa;F
Mason;M
Darrin;M
Weldon;M
Hertha;F
Elmira;F
Kamren;M
Shepherd;M
Oscar;M
Viola;M
Rolando;M
Elwood;M
Budd;M
Cornelia;F
Sydni;F
Mikayla;F
Aloysius;M
Wilson;M
Ciarra;F
Pamella;F
Harrie;M
Marco;M
Juan;M
Manning;M
Oley;M
Kieran;M
Stasia;F
Matilda;F
Zandra;F
Nikhil;M
Kenyatta;M
Luanne;F
Jeanette;F
Aryana;F
Harland;M
Irva;F
Laron;M
Lu;F
Dewey;M
Twyla;F
Jahir;M
Octavio;M
Dominick;M
Ludie;F
Jethro;M
Rosalind;F
Kianna;F
Ramon;M
Leamon;M
Edmond;M
Lawton;M
Colon;M
Foy;M
Jerrica;F
Neola;F
Lesley;M
Cael;M
Buelah;F
Adams;M
Abbey;F
Ellie;M
Charlotta;F
Evertt;M
Sylvester;M
Dorthea;F
Pennie;F
Florrie;F
Niko;M
Velva;F
Syreeta;F
Charlottie;F
Georgetta;F
Dedrick;M
Thora;F
Chiquita;F
Lizabeth;F
Erling;M
Yazmin;F
Armani;M
Jobe;M
Clare;M
Alcide;M
Johnna;F
Maude;M
Ishmael;M
Brea;F
Shamar;M
Yamilex;F
Karlee;F
Antone;M
Moe;M
Brittny;F
Rudolph;M
Shyann;F
Braelyn;F
Gerrit;M
Charly;M
Nico;M
Kaycee;F
Hester;M
Stephanie;M
Terry;M
Iverson;M
Jasen;M
Clint;M
Elida;F
Citlalli;F
Darleen;F
Darrick;M
Serenity;F
Bilal;M
Leona;M
Erma;F
Toya;F
Valery;F
Precious;F
Clarnce;M
Kellee;F
Janel;F
Travon;M
Vaughn;M
Vere;M
Henretta;F
Kanye;M
Shanta;F
Palmer;M
Orla;M
Joe;M
Torey;M
Maralyn;F
Melonie;F
Hettie;F
Cliffie;F
Britt;M
Wiley;M
Brian;M
Adalberto;M
Billy;M
Kristyn;F
Jeanine;F
Evelina;F
Tamera;F
Anna;M
Davonte;M
Mckinley;M
Ivana;F
Florie;F
Burton;M
Le;M
Jacqulyn;F
Alessandra;F
Donna;M
Mardell;F
Paula;F
Collis;M
Demetrius;M
Londyn;F
Judyth;F
Leeroy;M
Adilene;F
Carrie;M
Missy;F
Alexys;F
Burnice;M
Irven;M
Werner;M
Coretta;F
Maceo;M
Finnegan;M
Alisa;F
Hellen;F
Arturo;M
Betha;F
Jabez;M
Rollo;M
Isaiah;M
Aurora;F
Kimberley;F
Timothy;M
Damarion;M
Aydan;M
Juliet;F
Trent;M
Pierre;M
Lupe;M
Indiana;F
Enid;F
Yee;M
Joellen;F
Deidre;F
Coral;F
Dorotha;F
Marlin;M
Johan;M
Corie;F
Isaac;M
Tatia;F
Letta;F
Roxana;F
Dewitt;M
Frederic;M
Adelard;M
Sharen;F
Hershell;M
Paulo;M
Linden;M
Alysha;F
Texanna;F
Rafael;M
Demarco;M
Elwin;M
Kareem;M
Ashli;F
Ivie;F
Syed;M
Sylvia;F
Michal;M
Ophelia;F
Dayanara;F
Liddie;F
Glynn;M
Bee;M
Alexis;M
Judi;F
Rylan;M
Kizzie;F
Tomie;M
Nikki;F
Myer;M
Chet;M
Rita;F
Berenice;F
Vinton;M
Rogelio;M
Barney;M
Ellwood;M
Doss;M
Roselyn;F
Migdalia;F
Keira;F
Lacie;F
Patric;M
Austen;M
Lasonya;F
Elvia;F
Janyce;F
Anderson;M
Elonzo;M
Evalena;F
Rianna;F
Bernetta;F
Trystan;M
Shiloh;F
Gemma;F
Jeremy;M
Lucretia;F
Chancy;M
Fay;M
Maximillian;M
Deacon;M
Margarito;M
Wilber;M
Gillie;F
Sierra;F
Velia;F
Jaylan;M
Albin;M
Katheryn;F
Cristin;F
Amirah;F
Kiera;F
Leslie;M
Traci;F
Eber;M
Zain;M
Fenton;M
Ashanti;F
Jarred;M
Raleigh;M
Clide;M
Newman;M
Madalynn;F
Bridgette;F
Samuel;M
Hermon;M
Georgianna;F
Tatyana;F
Dayana;F
Antoine;M
Alejandro;M
Gaylon;M
Lexus;F
Jerrilyn;F
Bryan;M
Perri;F
Meghann;F
Allie;M
Roxanne;F
Christal;F
Elle;F
Matthew;M
Lucy;M
Linton;M
Burr;M
Tristen;M
Teddy;M
Rashaan;M
Almon;M
Daryle;M
Drusilla;F
Vivien;F
Kyler;M
Brandy;M
Jacquelin;F
Suellen;F
Monte;M
Grady;M
Sandie;F
Lum;M
Alvie;M
Bernadine;F
Sedrick;M
Trudie;F
Lincoln;M
Santana;M
Maranda;F
Less;M
Jess;M
Wong;M
Alysa;F
Kesha;F
Conrad;M
Riley;M
Trace;M
Cornell;M
Olen;M
Karli;F
Kylie;F
Lashanda;F
Holland;M
Leandro;M
Hilario;M
Marietta;F
Reno;M
Hans;M
Thorwald;M
Noelia;F
Rube;M
Cherrie;F
Sanjuana;F
Arlen;M
Nadine;F
Pheobe;F
Willaim;M
Saniya;F
Harry;M
Mariann;F
Albertine;F
Natosha;F
Orin;M
Lamarcus;M
Victor;M
Alyce;F
Marley;M
Selina;F
Illa;F
Gayle;M
Dorr;M
Mossie;F
Siobhan;F
Wirt;M
Soledad;F
Karri;F
Towanda;F
Nereida;F
Reggie;M
Aldona;F
Chanelle;F
Tiney;F
Verlon;M
Rickie;M
Juana;F
Jimena;F
Raegan;F
Lella;F
Casie;F
Nicki;F
Mcarthur;M
Carson;M
Kieth;M
Tashina;F
Alcee;M
Kim;M
Ozie;M
Sheron;F
Tobin;M
Titus;M
Keegan;M
Deann;F
Orris;M
Keri;F
Audy;M
Chancey;M
Bernita;F
Shawna;F
Latoyia;F
Kyra;F
Charmaine;F
Ahmad;M
Denice;F
Dillan;M
Leonore;F
Velda;F
Lavona;F
Sasha;F
Walton;M
Sunny;F
Carli;F
Aubra;M
Loren;M
Latoria;F
Birt;M
Tamala;F
Rob;M
Steven;M
Jedidiah;M
Noreta;F
Mikeal;M
Demonte;M
Rishi;M
Kristoffer;M
Gianni;M
Michial;M
Lashunda;F
Barbie;F
Cody;M
Tosha;F
Silver;M
Firman;M
Zeb;M
Kassidy;F
Mamie;M
Nathalia;F
Blake;M
Odalis;F
Anfernee;M
Lia;F
Brylee;F
Eldora;F
Kiersten;F
Jordan;M
Amiya;F
Lulie;F
Yahir;M
Whitney;M
Alexandro;M
Lavern;M
Kelis;F
Simeon;M
Yusuf;M
Duard;M
Burns;M
Eugenia;F
Jessica;M
Jeanmarie;F
Ian;M
Fidelia;F
Elyse;F
Cordaro;M
Mckayla;F
Philo;M
Trish;F
Estevan;M
Gunner;M
Sade;F
Lindbergh;M
Cephus;M
Zachary;M
Belia;F
Quentin;M
Buddy;M
Sarina;F
Herschel;M
Sadye;F
Michael;M
Shenna;F
Danae;F
Krysten;F
Jinnie;F
Reinaldo;M
Ronny;M
Javon;M
Napoleon;M
Javier;M
Emma;M
Adyson;F
Nicole;M
Brenda;M
Johana;F
Kerrie;F
Edwina;F
Leeann;F
Katerina;F
Lannie;M
Kathleen;M
Hezzie;M
Izora;F
Jackson;M
Valinda;F
Bettylou;F
Iza;F
Zander;M
Jaylee;F
Kiyoshi;M
Lafayette;M
Estefania;F
Norberto;M
Janice;M
Rene;M
Ila;F
Dejah;F
Jaydon;M
Effa;F
Jerel;M
Mozell;F
Ryland;M
Lavinia;F
Harris;M
Jody;M
Mathilda;F
Hebert;M
Jerry;M
Cloyd;M
Jalisa;F
Otho;M
Arely;F
Dollye;F
Kareen;M
Gerard;M
Tyreke;M
Alverda;F
Harper;M
Marion;M
Khari;M
Velvet;F
Ernest;M
Suzan;F
Ala;F
Bennie;M
Ardath;F
Dawna;F
Magan;F
Ronan;M
Shane;M
Vivian;M
Roseanna;F
Mathews;M
Amil;M
Jacqueline;F
Marybeth;F
Kameron;M
Atlas;M
Elfrieda;F
Cassondra;F
Maebell;F
Blas;M
Emelie;F
Tal;M
Carmela;F
Taina;F
Gaetano;M
Winfield;M
Shantell;F
Aydin;M
Gilman;M
Cecily;F
Ladarius;M
Maverick;M
Virgia;F
Carroll;M
Effie;M
Debbra;F
Deonta;M
Lilyan;F
Lillianna;F
Alex;M
Dylon;M
Neoma;F
Gordon;M
Conner;M
Fremont;M
Waino;M
Logan;M
Erasmus;M
Dale;M
Jessenia;F
Maren;F
Webb;M
Violette;F
Arietta;F
Devaughn;M
Ica;F
Hakim;M
Rosaria;F
Odin;M
Gianna;F
Gustavo;M
Vince;M
Hadley;M
Rush;M
Demetrios;M
Byrd;M
Laddie;M
Shaquan;M
Mandie;F
Greg;M
Lovie;M
Lindy;M
Latonya;F
Christopher;M
Elder;M
Tammie;F
Janiyah;F
Elfreda;F
Lora;M
Tammy;M
Isom;M
Nikolas;M
Roger;M
Shelba;F
Makala;F
Tavian;M
Anita;F
Norene;F
Clinton;M
Leticia;F
Emmanuel;M
Litzy;F
Elick;M
Charlie;M
Doc;M
Kelsi;F
Manuela;F
Daryl;M
Ayden;M
Dione;F
Fate;M
Ah;M
Alvan;M
Merri;F
Broderick;M
Raphael;M
Shanna;F
Linsey;F
Berniece;F
Levern;M
Jonatan;M
Fanny;F
Glynda;F
Vick;M
Daneen;F
Roland;M
Gretta;F
Kira;F
Jill;F
Levie;M
Wanda;F
Nikita;F
Francisca;F
Dustan;M
Amalie;F
Reece;M
Anitra;F
Heidy;F
Imani;F
Luis;M
George;M
Adron;M
Mace;M
Jeryl;F
Evan;M
Van;M
Yehuda;M
Jasmine;M
Prudence;F
Alice;M
Makenzie;F
Mahala;F
Amina;F
Horatio;M
Delsie;F
Brandie;F
Bethel;M
Jaycee;F
Tiera;F
Zeno;M
Glennis;F
Quintin;M
Jeramiah;M
Buford;M
Dafne;F
Zillah;F
Leisa;F
Ashlyn;F
Kyle;M
Marc;M
Abigayle;F
Shirlene;F
Delilah;F
Gilbert;M
Junious;M
Santo;M
Melisa;F
Troy;M
Edna;M
Contina;F
Vilma;F
Vikki;F
Lavonia;F
Magdalen;F
Lucetta;F
Matt;M
Marylou;F
Tylor;M
Philomena;F
Karissa;F
Joanie;F
Washington;M
Abdiel;M
Jaquelin;F
Citlali;F
Astrid;F
Case;M
Livia;F
Clarence;M
Ambrose;M
Farah;F
Drake;M
Hezekiah;M
Wilford;M
Ingeborg;F
Shreya;F
Fernand;M
Darron;M
Makena;F
Doretha;F
Stan;M
Alena;F
Cierra;F
Kamron;M
Junie;F
Darryl;M
Maynard;M
Hoyt;M
Shawnna;F
Cali;F
Stacey;M
Aaliyah;F
Nicky;M
Vernetta;F
Terri;F
Mila;F
Tamie;F
Almeda;F
Zettie;F
Tennie;F
Vito;M
Sherlyn;F
Ozzie;M
Annabella;F
Daunte;M
Elby;M
Ethyle;F
Weston;M
Hailey;F
Sheree;F
Keisha;F
Tyreese;M
Torie;F
Ena;F
Lovey;F
Oneal;M
Roni;F
Carma;F
Layne;M
Tonia;F
Jensen;M
Estel;M
Obe;M
Johanna;F
Dimitri;M
Marisol;F
Dennie;M
Dominique;M
Cordie;F
Kasey;M
Ura;F
Nolie;F
Tristan;M
Brandin;M
Yandel;M
Ritchie;M
Rona;F
Lorean;F
Ryker;M
Alondra;F
Jamari;M
Cyrus;M
Juliana;F
Jedediah;M
Miley;F
Maryjo;F
Myrtle;M
Hayes;M
Glenna;F
Lennie;M
Marshal;M
Tenisha;F
Krystin;F
Juluis;M
Icie;F
Dian;F
Ezekiel;M
Margueritta;F
Lacey;M
Dozier;M
Blanchard;M
Marisa;F
Tremayne;M
Treasure;F
Janay;F
Toriano;M
Margot;F
Felipa;F
Jeannie;F
Raheem;M
Sybil;F
Cristy;F
Zola;F
Cheyenne;M
Pamelia;F
Arvid;M
Claire;M
Frederick;M
Verlene;F
Brittani;F
Creed;M
Daisy;M
Kelli;F
Chante;F
Cinthia;F
Ellis;M
Modena;F
Darvin;M
Ebony;F
Ronna;F
Bertie;M
Edith;M
Alfred;M
Harriette;F
Otto;M
Pernell;M
Wes;M
Pattie;F
Karol;F
Sing;M
Mable;F
Orion;M
Babe;M
Kathy;F
Fannye;F
Reva;F
Mart;M
Aaden;M
Caprice;F
Idell;F
Math;M
Adonis;M
Lorenza;M
Thekla;F
Hassie;F
Lani;F
Doctor;M
Stewart;M
Odalys;F
Donny;M
Rey;M
Jasiah;M
Baby;M
Dayne;M
Jamar;M
Bambi;F
Iliana;F
Yaretzi;F
Elwyn;M
Benton;M
Avah;F
Amiyah;F
Millard;M
Marcello;M
Ida;M
Kenton;M
Sussie;F
Dwight;M
Pryor;M
Willie;M
Fredie;M
Tabetha;F
Kaylin;F
Halie;F
Scarlett;F
Fawn;F
Jasmyn;F
Dezzie;F
Thresa;F
Powell;M
Toivo;M
Markita;F
Ferne;F
Corene;F
Norval;M
Marvin;M
Jaidyn;M
Brianne;F
Vicente;M
Roena;F
Darian;M
Aliyah;F
Odis;M
Ayana;F
Clemens;M
Olive;M
Jair;M
Wilma;F
Myrtice;F
Mabell;F
Nell;F
Javion;M
Arnett;M
Tomasa;F
Kazuo;M
Salomon;M
Walt;M
Carmella;F
Bascom;M
Marcia;F
Burnie;M
Elois;F
Steve;M
Dallas;M
Brooklyn;F
Seth;M
Constantine;M
Maria;M
Muriel;F
Lavar;M
Giovanna;F
Candi;F
Kamden;M
Enriqueta;F
Jovanni;M
Glenn;M
Lonie;M
Veronica;F
Hailie;F
Germaine;M
Koby;M
Semaj;M
Esther;M
Laurene;F
Corrine;F
Amerigo;M
Shirlie;F
Karyl;F
Hardin;M
Justus;M
Elzie;M
Theodocia;F
Jerusha;F
Julien;M
Lyndon;M
Grant;M
Thursa;F
Darryll;M
Timmie;M
Amberly;F
Jailyn;F
Olena;F
Sheridan;M
Rashad;M
Margarete;F
Caitlyn;F
Aliza;F
Kaylan;F
Keandre;M
Ismael;M
Alek;M
Leo;M
Georgene;F
Joan;M
Chrissy;F
Bethzy;F
Christen;F
Davie;M
Clemma;F
Tobie;M
Cheryle;F
Estrella;F
Isiah;M
Forrest;M
Edd;M
Kristan;F
Kelan;M
Elenora;F
Exa;F
Elgie;M
Bartholomew;M
Alexander;M
Augustina;F
Evia;F
Angela;M
Jaylon;M
Vesta;F
Vernie;M
Omari;M
Ovid;M
Somer;F
Kamila;F
Cammie;F
London;M
Garry;M
Lonny;M
Gardner;M
Cristobal;M
Randy;M
Xena;F
Rinda;F
Victoriano;M
Shelby;M
Tawanda;F
Gwyn;F
Armando;M
Dominque;M
Alphonsine;F
Leland;M
Davion;M
Odile;F
Moriah;F
Merlene;F
Shay;M
Dania;F
Myrle;F
Flavia;F
Emmaline;F
Agustus;M
Magen;F
Kylah;F
Wendel;M
Delano;M
Burdette;M
Christ;M
Edwardo;M
Jenelle;F
Orlando;M
Cary;M
Jerome;M
Noe;M
Amma;F
Lessie;M
Louella;F
Carie;F
Estefany;F
Corrie;F
Blaise;M
Delmus;M
Erlene;F
Wilmer;M
Ilda;F
Joseline;F
Nelle;F
Ely;M
Gideon;M
Burrell;M
Tisha;F
Ernestina;F
Braylen;M
Garrison;M
Clytie;F
Mervyn;M
Bula;F
Rose;M
Jerimy;M
Ferman;M
Samie;M
Jax;M
Osborn;M
Milagros;F
Domenica;F
Zebulon;M
Lenord;M
Mahalia;F
Clara;M
Zaida;F
Jameson;M
Watson;M
Coraima;F
Izabelle;F
Thomas;M
Giuseppe;M
Bennett;M
Avie;F
Owen;M
Lovisa;F
Libby;F
Deborah;M
Elnora;F
Elizabet;F
Leana;F
Socorro;F
Opha;F
Jermey;M
Corean;F
Nathan;M
Essex;M
Lassie;F
Denisse;F
Adeline;F
Malvina;F
Myrna;F
Lon;M
Demetria;F
Wilbur;M
Colonel;M
Luann;F
Rogers;M
Darion;M
Kathlene;F
Gregoria;F
Dan;M
Dagmar;F
Bird;M
Harmon;M
Rosevelt;M
Charley;M
Ernestine;F
Mariel;F
Davante;M
Thompson;M
Ariella;F
Bobbi;F
Mercedes;F
Nels;M
Elias;M
Elvira;F
Becky;F
Rickey;M
Olar;F
Elodie;F
Brigette;F
Lucinda;F
Fred;M
Wanita;F
Anya;F
Leone;F
Lorena;F
Alferd;M
Stafford;M
Pascal;M
Kurt;M
Reagan;M
Deon;M
Martika;F
Jannie;F
Dottie;F
Makenna;F
Abagail;F
Wendi;F
Muhammad;M
Kem;M
Ephraim;M
Fumiko;F
Karter;M
Devyn;M
Jasper;M
Rylee;M
Izola;F
Suzy;F
Harrold;M
Cordero;M
Alyse;F
Agatha;F
Cloe;F
Sada;F
Amie;F
Shamika;F
Ashtyn;F
Madie;F
Latesha;F
Madalyn;F
Donte;M
Reginal;M
Ines;F
Murphy;M
Lanny;M
Chase;M
Mariam;F
Deontae;M
Marques;M
Jiles;M
Shannon;M
Carra;F
Giana;F
Shanon;M
Ireland;F
Earlean;F
Fitzgerald;M
Jeri;F
Callie;M
Gustave;M
Meagan;F
Sofia;F
Matilde;F
Kayden;M
Dante;M
Kimberlie;F
Tarik;M
Homer;M
Shirley;M
Cara;F
Barry;M
Arletta;F
Geraldine;F
Derald;M
Eugene;M
Stetson;M
Senora;F
Zaria;F
Kaylynn;F
Sheena;F
Raquel;F
Sherwood;M
Gisele;F
Saundra;F
Sam;M
Carter;M
Kaci;F
Butch;M
Megan;F
Lukas;M
Daria;F
Geralyn;F
Cecelia;F
Rosamond;F
Lucky;M
Racheal;F
Celena;F
Alvera;F
Leitha;F
Deryl;M
Jules;M
Conor;M
Harl;M
Chessie;F
Elaina;F
Joell;F
Esau;M
Chadrick;M
Alexzander;M
Kiel;M
Fount;M
Toney;M
Denton;M
Renea;F
Arnoldo;M
Epsie;F
Huldah;F
Barnie;M
Arianna;F
Kingston;M
Marni;F
Rae;M
Brent;M
Arvin;M
Loriann;F
Tyrone;M
Vinie;F
Leda;F
Yuridia;F
Ethelene;F
Leah;F
Daijah;F
Kenia;F
Willard;M
Natasha;F
Cason;M
Raven;M
Winfred;M
General;M
Esley;M
Channie;F
Leonora;F
Nila;F
Makai;M
Jaleesa;F
Avery;M
Creola;F
Rochelle;F
Hardy;M
Jason;M
Stuart;M
Shirl;F
Gorge;M
Maida;F
Marianita;F
Marquez;M
Norita;F
Melissia;F
Hardie;M
Venita;F
Viviana;F
Braylon;M
Salena;F
Bree;F
Theodora;F
Emeline;F
Hamza;M
Rhianna;F
Torry;M
Harve;M
Katharine;F
Reinhold;M
Brendon;M
Lucien;M
Dosia;F
Columbus;M
Michelle;M
Versie;F
Damion;M
Anabel;F
Cristine;F
Ruben;M
Cayla;F
Katy;F
Chestina;F
Tania;F
Sylvanus;M
Derwin;M
Rayfield;M
Zavier;M
Deward;M
Lucie;F
Danita;F
Alzina;F
Lainey;F
Thelma;M
Ebert;M
Bluford;M
Marisela;F
Hoke;M
Flossie;F
Alyvia;F
Lavon;M
Ethen;M
Mack;M
Emilee;F
Trena;F
Aiyana;F
Delaney;F
Quincy;M
Cole;M
Kindra;F
Ean;M
Jacklyn;F
Liz;F
Gretchen;F
Wm;M
Amiah;F
Oneida;F
Tempie;F
Jerrie;F
Nicklaus;M
Cherie;F
Curt;M
Denzel;M
Casey;M
Elsworth;M
Tarah;F
Tamiko;F
Aldo;M
Conley;M
Shemar;M
Kallie;F
Codi;M
Cherelle;F
Tiffany;M
Leonardo;M
Kristin;M
Cam;M
Jordy;M
Wilhelmine;F
Margery;F
Dola;F
Deandra;F
Karel;F
Roxanna;F
Orvel;M
Issac;M
Felicie;F
Dijon;M
Payten;F
Litha;F
Jetta;F
Shirlee;F
Mindi;F
Mildred;M
Clearence;M
Orrie;M
Hale;M
Dorthey;F
Cassius;M
Tyquan;M
Normand;M
Shanda;F
Wava;F
Hasan;M
Susannah;F
Melvyn;M
Elba;F
Killian;M
Leora;F
Khalil;M
Griselda;F
Ron;M
Job;M
Buck;M
Unique;F
Redden;M
Isai;M
Jalissa;F
Reatha;F
Williard;M
Jimmy;M
Ainsley;F
Melody;F
Andon;M
Doloris;F
Texie;F
Janet;M
Karl;M
Nita;F
Gracia;F
Paityn;F
Nanie;F
Knute;M
Kyson;M
Sylvania;F
Solomon;M
Rafaela;F
Clyde;M
Arleen;F
Trudi;F
Jon;M
Justina;F
Daisha;F
Piper;F
Filomena;F
Alyssa;F
Anton;M
Wallace;M
Lidia;F
Evander;M
Gussie;M
Billie;M
Savana;F
Autumn;F
Gwenda;F
Melina;F
Elease;F
Randal;M
Danny;M
Arla;F
Crista;F
Hillery;M
Clifford;M
Julia;M
Ingrid;F
Jeffry;M
Angelique;F
Tena;F
Ela;F
Adalyn;F
Audriana;F
Carina;F
Katharyn;F
Bill;M
Viva;F
Madelene;F
Parrish;M
Chesley;M
Kaylene;F
Cortney;M
Lorrayne;F
Leann;F
Kenley;F
Jordon;M
Gladis;F
Minerva;F
Jalen;M
Tanika;F
Ezell;M
Izabella;F
Felipe;M
Mai;F
Chasity;F
Caren;F
Idamae;F
Elmire;F
Duane;M
Grover;M
Blair;M
Doreen;F
Corrina;F
Olivia;F
Sherman;M
Alphonse;M
Luberta;F
Jaren;M
Kadin;M
Dominic;M
Marchello;M
Marget;F
Gary;M
Lisandro;M
Alvina;F
Elmo;M
Kellan;M
Cinda;F
Odell;M
Rahsaan;M
Nello;M
Zoie;F
Ruthe;F
Taya;F
Ingram;M
Delmar;M
Celia;F
Theodis;M
Rosina;F
Chaya;F
Joann;F
Rosemary;F
Kati;F
Alethea;F
Merton;M
Ancel;M
Aubree;F
Candyce;F
Toma;M
Khloe;F
Nim;M
Akeelah;F
May;M
Lorraine;F
Jarad;M
Maira;F
Paloma;F
Cade;M
Olan;M
Geno;M
Emile;M
Tressa;F
Thad;M
Matteo;M
Tad;M
Santiago;M
Junia;F
Corwin;M
Debrah;F
Fleda;F
Sally;F
Chandra;F
Olinda;F
Christion;M
Egbert;M
Carly;F
Marcela;F
Veva;F
Brennon;M
Layton;M
Cris;M
Cannie;F
Champ;M
Mertie;F
Arjun;M
Alayna;F
Fran;F
Bud;M
Justen;M
Benjamine;M
Shandra;F
West;M
Kaila;F
Alexia;F
Gerardo;M
Gertha;F
Tillman;M
Jillian;F
Deb;F
Sister;F
Marian;M
Hailee;F
Raiden;M
Lois;M
Baxter;M
Tod;M
Earl;M
Rhoda;M
Vivienne;F
Danelle;F
Tisa;F
Danette;F
Jonell;F
Verner;M
Destiney;F
Genaro;M
Hedy;F
Hilton;M
Benjamin;M
Joana;F
Corey;M
Signe;F
Else;F
Dino;M
Eleanora;F
Zoa;F
Hilliard;M
Penny;F
Mariyah;F
Debby;F
Letty;F
Corbin;M
Rayan;M
Serina;F
Regis;M
Nana;F
Kael;M
Ashby;M
Lesli;F
Montgomery;M
Ivah;F
Marlyn;M
Caiden;M
Deric;M
Almus;M
Milissa;F
Erasmo;M
Sid;M
Kerri;F
Ivonne;F
Leafy;F
Tavon;M
Rodrigo;M
Hillard;M
Valentine;M
Vara;F
Jossie;F
Eula;M
Bryant;M
Shalonda;F
Lou;M
Trevion;M
Rossie;M
Orland;M
Katie;F
Lester;M
Remington;M
Marylouise;F
Debi;F
Ewin;M
Terra;F
Amado;M
Amparo;F
Beckett;M
Marilyn;M
Kendell;M
Janine;F
Ennis;M
Zariah;F
Tonya;F
Ashleigh;F
Burt;M
Gillian;F
Emerald;F
Tristian;M
Evelena;F
Charlotte;F
Reba;F
Lucero;F
Dicie;F
Mayra;F
Mallie;F
Tex;M
Rocky;M
Kami;F
Julio;M
Chelsi;F
Adalynn;F
Alana;F
Claudine;F
Felix;M
Captain;M
Harlon;M
Jacquline;F
Ozella;F
Gregg;M
Joseph;M
Aurelio;M
Inell;F
Einar;M
Consuela;F
Rocco;M
Annemarie;F
Trula;F
Lise;F
Meadow;F
Madden;M
Jule;M
Guss;M
Carlos;M
Elbridge;M
Stacia;F
Arlie;M
Christop;M
Ed;M
Latosha;F
Wyman;M
Raymond;M
Loretta;F
Donal;M
Amelie;F
Maxie;M
Caryn;F
Author;M
Grace;M
Cristal;F
Sommer;F
Odie;M
Penni;F
Jayvion;M
Eston;M
Manuel;M
Barnard;M
Jerica;F
Millie;F
Nora;M
Daulton;M
Jarod;M
Aleta;F
Augusta;M
Caron;F
Colin;M
Stanley;M
Adina;F
Jerilyn;F
Maggie;M
Iva;M
Tatiana;F
Samir;M
Orma;F
Chyna;F
Linn;M
Alec;M
Marci;F
Keanu;M
Loring;M
Kip;M
Kassie;F
Lem;M
Ciera;F
Peggie;F
Gennaro;M
Konnor;M
Alexandria;F
Durwood;M
Jamaal;M
Diane;M
Onie;F
Georgiana;F
Katarina;F
Del;M
Laney;F
Ronda;F
Inger;F
Jamir;M
Bina;F
Janene;F
Kathey;F
Yadiel;M
Herminia;F
Olene;F
Iyanna;F
Dasia;F
Lera;F
Rondal;M
Whit;M
Shanequa;F
Delinda;F
Dianne;F
Cheryll;F
Starla;F
Renee;F
Britney;F
Oral;M
Regan;M
Frona;F
Max;M
Cornie;F
Dionne;F
Dwain;M
Gaylen;M
Noelle;F
Edris;F
Eryn;F
Kadeem;M
Jaydin;M
Kyan;M
Shoji;M
Marely;F
Tavaris;M
Perla;F
Kelsea;F
Jamin;M
Orval;M
Rayna;F
Maritza;F
Gunnar;M
Nia;F
Sharonda;F
Yuliana;F
Mima;F
Emely;F
Eulalie;F
Adelbert;M
Chris;M
Urban;M
Elvina;F
Talmadge;M
Jakobe;M
Markel;M
Webster;M
Nikko;M
Cherish;F
Valarie;F
Alexande;M
Ruel;M
Jolette;F
Jazmyn;F
Vernia;F
Itzel;F
Rodrick;M
Kristofer;M
Jeffie;M
Evelyne;F
Silvia;F
Doretta;F
Shianne;F
Demetri;M
Catherine;M
Friend;M
Dulce;F
Falon;F
Charlton;M
Rosabelle;F
Severt;M
Hilah;F
Arley;M
Otelia;F
Zayden;M
Kandice;F
Chauncy;M
Gene;M
Gilberto;M
Ninnie;F
Hamilton;M
Tye;M
Conard;M
Adolph;M
Carley;F
Jacky;M
Welton;M
Jailene;F
Ednah;F
Aline;F
Frazier;M
Loyce;F
Vernelle;F
Acy;M
Burgess;M
Kori;F
Pearl;M
Karan;F
Sabra;F
Katelyn;F
Elia;F
Cleola;F
Hazelle;F
Maryanne;F
Krissy;F
Jayde;F
Kya;F
Tinnie;F
Darline;F
Harman;M
Elizebeth;F
Kaeden;M
Amanda;M
Kory;M
Dollie;F
Jerad;M
Ceola;F
Alphons;M
Ermina;F
Newt;M
Nedra;F
Antwan;M
Gino;M
Tyrus;M
Sebrina;F
Laraine;F
Jaiden;M
Eloy;M
Shena;F
Elyssa;F
Bettye;F
Zita;F
Misty;F
Mandy;F
Eva;M
Dean;M
Rusty;M
Suzie;F
Gabe;M
Kennedy;M
Shayne;M
Carissa;F
Ayla;F
Aria;F
Justin;M
Randle;M
Shaquana;F
Marita;F
Albion;M
Octa;F
Deetta;F
Savilla;F
Juliette;F
Tammi;F
Cordella;F
Tabitha;F
Chaney;F
Neely;M
Artelia;F
Codie;M
Dudley;M
Gabrielle;F
Kathi;F
Milly;F
Luke;M
Karina;F
Mabelle;F
Dominga;F
Johnathan;M
Porsha;F
Tatyanna;F
Coen;M
Violeta;F
Anatole;M
Walter;M
Alesia;F
Andrae;M
Omarion;M
Louann;F
Ursula;F
Nelson;M
Eustace;M
Bradley;M
Yvonne;F
Boston;M
Aarav;M
Elihu;M
Rohan;M
Erby;M
Theron;M
Latricia;F
Edyth;F
Dolphus;M
Ignatz;M
Chanel;F
Chelsea;F
Lena;M
Myrta;F
Kinte;M
Teresa;F
Imelda;F
Bobby;M
Lutie;F
Emiliano;M
Dorothea;F
Dovie;F
Elvera;F
Lilia;F
Madora;F
Brionna;F
Arron;M
Tianna;F
Odessa;F
Tariq;M
Corry;M
Demi;F
Yoshiko;F
Tessie;F
Cato;M
Carrol;M
Candis;F
Isabella;F
Lionel;M
Dawne;F
Silvester;M
Jackeline;F
Pepper;F
Rowena;F
Essa;F
Laurette;F
Salome;F
Emogene;F
Dorthy;F
Ona;F
Birdie;F
Lavonne;F
Allan;M
Joyce;M
Elsa;F
Kasandra;F
Bo;M
Kirsten;F
Laurence;M
Seymour;M
Winthrop;M
Lynsey;F
Lida;F
Brittni;F
Rubi;F
Macel;F
Blane;M
Vela;F
Ayanna;F
Nova;F
Telly;M
Jenna;F
Morris;M
Tessa;F
Gaylord;M
Fulton;M
James;M
Cale;M
Roberto;M
Jaimie;M
Granville;M
Arne;M
Gilmore;M
Gracie;F
Kendrick;M
Carlene;F
Anastasia;F
Leanna;F
Burley;M
Jeana;F
Ezzard;M
Florine;F
Bonita;F
Rian;M
Maryann;F
Rachel;M
Virgil;M
Lourdes;F
Veta;F
Stefan;M
Asher;M
Zona;F
Barron;M
Dariana;F
Rhona;F
Devonta;M
Alyson;F
Karyn;F
Algernon;M
Kerry;M
Nevin;M
Orra;F
Denese;F
Sanford;M
Betty;M
Luisa;F
Versa;F
Dorman;M
Kelcie;F
Rahul;M
Jerold;M
Rosena;F
Nealy;F
Drew;M
Autry;M
Marlena;F
Kandy;F
Quinn;M
Solon;M
Hobart;M
Bryton;M
Jacob;M
Arlyn;M
Sean;M
Domenico;M
Antonia;M
Hildegard;F
Ras;M
Dana;M
Dawn;F
Luigi;M
Georgette;F
Colette;F
Delta;F
Darrell;M
Shatara;F
Zela;F
Jonnie;M
Lashonda;F
Ferdinand;M
Aretha;F
Madeleine;F
Britni;F
Danniel;M
Shyanne;F
Sydnie;F
Ammie;F
Aniyah;F
Jamie;M
Kole;M
Violet;F
Godfrey;M
Vira;F
Hideo;M
Danyelle;F
Delpha;F
Marybelle;F
Tatum;F
Addyson;F
Corine;F
Katherin;F
Deja;F
Kevin;M
Nelda;F
Pearly;F
Tandy;M
Georgeann;F
Ana;F
Spurgeon;M
Cameron;M
Zhane;F
Jane;F
Delvin;M
Kristen;M
Journey;F
Beckham;M
Anika;F
Sonya;F
Luda;F
Macarthur;M
Camron;M
Emmie;F
Sullivan;M
Claiborne;M
Patrick;M
Marilynn;F
Laila;F
Reginald;M
Drema;F
Frank;M
Kelvin;M
Seamus;M
Fonda;F
Hortense;F
Dixie;M
Elige;M
Khalilah;F
Aliana;F
Enos;M
malece;M
Andra;M
Kyara;F
Cass;M
Eliza;M
Shyla;F
Mellisa;F
Jessie;M
Mechelle;F
Clayton;M
Brett;M
Thaddeus;M
Jerri;F
Cannon;M
Isreal;M
Charle;M
Amira;F
Willia;F
Preston;M
Laquita;F
Naima;F
Branson;M
Dick;M
Daja;F
Jamiya;F
Destin;M
Concetta;F
Yahaira;F
Kaleena;F
Reta;F
Laurine;F
Denita;F
Lafe;M
Sharleen;F
Manuelita;F
Porfirio;M
Lolita;F
Elza;M
Miranda;F
Jeromy;M
Elmyra;F
Khiry;M
Rillie;F
Odus;M
Wright;M
Adamaris;F
Virginia;M
Dow;M
Sybilla;F
Jocelynn;F
Ernst;M
Lenard;M
Miracle;F
Jemal;M
Ford;M
Corina;F
Brittanie;F
Hilma;F
Lina;F
Olie;M
Codey;M
Deasia;F
Hope;M
Jeannette;F
Jeane;F
Graves;M
Montrell;M
Mendy;F
Calhoun;M
Sim;M
Zada;F
Brannon;M
Tommy;M
Kenneth;M
Mikala;F
Cherri;F
North;M
Norwood;M
Shiela;F
Greyson;M
Star;F
Aniya;F
Neveah;F
Maximus;M
Lacy;M
Milton;M
Melinda;F
Lydell;M
Jovany;M
Winifred;M
Esperanza;F
Stephenie;F
Tollie;M
Willis;M
Arno;M
Jermain;M
Collin;M
Venie;F
Pranav;M
Tobi;F
Jasmin;F
Gwyneth;F
Madyson;F
Jeramy;M
Rasheed;M
Madeline;F
Carin;F
Elzy;M
Littleton;M
Carla;F
Durell;M
Shayla;F
Marianne;F
Tracee;F
Kaitlin;F
Janeen;F
Bernhard;M
Chantelle;F
Bessie;M
Ilene;F
Delisa;F
Forest;M
Jalyn;F
Addison;M
Latrina;F
Marcos;M
Bryana;F
Florence;M
Hansford;M
Taliyah;F
Donta;M
Delores;F
Jesse;M
Dennis;M
Ocie;M
Norman;M
Arthur;M
Yolanda;F
Evangelina;F
Cori;F
Jenny;F
Mollie;F
Afton;F
Sophie;F
Judd;M
Maudie;F
Shelbie;F
Aloma;F
Annabelle;F
Brandyn;M
Angelia;F
Keli;F
Jaheim;M
Jolie;F
Beatriz;F
Alessandro;M
Miner;M
Cristopher;M
Arnav;M
Stevie;M
Arland;M
Patience;F
Albertha;F
Carolynn;F
Crysta;F
Patricia;M
Nayeli;F
Brynlee;F
Ananias;M
Therman;M
Athena;F
Shelly;M
Kason;M
Jacques;M
Ashley;M
Levin;M
Horace;M
Osbaldo;M
Orilla;F
Buena;F
Adelina;F
Lisbeth;F
Tera;F
Hurbert;M
Elie;M
Anne;F
Linwood;M
Brennen;M
Jeremey;M
Les;M
Jennie;M
Kayli;F
Evette;F
Sky;F
Hence;M
Shanita;F
Vester;M
Lemon;M
Ardella;F
Susana;F
Concepcion;F
Dayna;F
Kade;M
Dell;M
Faron;M
Golden;M
Trinidad;M
Ulysses;M
Coy;M
Gerri;F
Ceylon;M
Mia;F
Ermine;F
Guillermo;M
Layla;F
Albina;F
Lyndsay;F
Joycelyn;F
Ted;M
Gustavus;M
Keven;M
Orelia;F
Mikaela;F
Griffin;M
Zion;M
Carsen;M
Judie;F
Deegan;M
Diamond;M
Audry;F
Sherilyn;F
Hubert;M
Loretto;F
Camren;M
Tyriq;M
Mikal;M
Kalen;M
Kris;M
Stoney;M
Candice;F
Nanci;F
Winston;M
Bose;M
Geneva;F
Kenzie;F
Jayda;F
Roberta;F
Garold;M
Donnie;M
Kristopher;M
Tegan;M
Mora;F
Hudson;M
Darrion;M
Cleone;F
Meg;F
Francesca;F
Tallie;M
Hubbard;M
Britany;F
Marilla;F
Clell;M
Andrew;M
Rachelle;F
Fielding;M
Tina;M
Wilkie;M
Charolette;F
Adolfo;M
Maryam;F
Noretta;F
Winford;M
Tamekia;F
Vergil;M
Justyn;M
Antwon;M
Kimberly;M
Margy;F
Erykah;F
Latarsha;F
Sherrill;M
Asa;M
Canyon;M
Liane;F
Agusta;F
Maricela;F
Curtiss;M
Audie;M
Wynona;F
Robbin;M
Ema;F
Malissie;F
Lossie;F
Kennth;M
Katrina;F
Soloman;M
Ludwig;M
Lindsey;M
Jerald;M
Eudora;F
Kandace;F
Dolly;F
Bunk;M
Meggan;F
Obed;M
Delila;F
Blanch;F
Schley;M
Tennessee;F
Freda;F
Laverne;M
Johnson;M
Manilla;F
Hugh;M
Loreen;F
Nikole;F
Lynne;F
Diya;F
Brown;M
Thea;F
Joseluis;M
Anjelica;F
Lorenzo;M
Zed;M
Sigmund;M
Shakira;F
Maud;M
Henderson;M
Kamari;M
Chin;M
Evangeline;F
Phillis;F
Mimi;F
Rodolfo;M
Emery;M
Maurice;M
Claus;M
Kirk;M
Catrina;F
Irwin;M
Nicolas;M
Elana;F
Mckenna;F
Derik;M
Nils;M
Graham;M
Kalyn;F
Jabari;M
Adel;F
Essie;M
Kathryne;F
Brianna;F
Herlinda;F
Percy;M
Lemuel;M
Zeke;M
Elvin;M
Raekwon;M
Durward;M
Primus;M
Symone;F
Magnolia;F
Isabelle;F
Meryl;F
Kaleigh;F
Queenie;F
Linna;F
Sina;F
Keila;F
Elaine;F
Bella;F
Thalia;F
Arnie;M
Jenifer;F
Emerson;M
Nickolas;M
Leanne;F
Ridge;M
Calvin;M
Deloris;F
Dorris;M
Cherrelle;F
Maia;F
Fayette;M
Saverio;M
Derek;M
Adriane;F
Yancy;M
Emmit;M
Cora;M
Latasha;F
Mathew;M
Tomas;M
Norris;M
Mont;M
Joy;M
Anahi;F
Siena;F
Dorla;F
Mario;M
Branden;M
Rolf;M
Hedwig;F
Shawnda;F
Darryle;M
Herbert;M
Volney;M
Daquan;M
Nautica;F
Hiram;M
Dessa;F
Tambra;F
Dock;M
Edie;M
Anais;F
Alver;M
Allyson;F
Ardyce;F
Pauletta;F
Kyree;M
Ewell;M
Bev;F
Myron;M
Alexus;F
Latifah;F
Elliana;F
Chelsie;F
Kunta;M
Melodee;F
Rebekah;F
Carleen;F
Jaymes;M
Claud;M
Lorelai;F
Tella;F
Talmage;M
Diann;F
Sherri;F
Elissa;F
Furman;M
Pallie;F
Bena;F
Darrius;M
Jeb;M
Lance;M
Ava;F
Micah;M
Lonnie;M
Manly;M
Demarion;M
Messiah;M
Rahn;M
Garner;M
Verda;F
Ilah;F
Deshawn;M
Ellyn;F
Nathanael;M
Rico;M
Tamatha;F
Ara;F
Shelva;F
Cathryn;F
Cory;M
Adelaide;F
Yareli;F
Queen;F
Paxton;M
Rennie;F
Abram;M
Tilda;F
Pearlie;M
Gray;M
Alwine;F
Ulises;M
Bernadette;F
Dakotah;M
Ryne;M
Amara;F
Felton;M
Pinkney;M
Fleming;M
Margo;F
Eliezer;M
Bridget;F
Kristy;F
Tavion;M
Zackary;M
Shaylee;F
Hayden;M
Graydon;M
Marcus;M
Keshaun;M
Mitchel;M
Dellie;F
Juanita;F
Braxton;M
Jevon;M
Theo;M
Izayah;M
Everet;M
Marilee;F
Caro;F
Dario;M
Bethany;F
Starr;F
Polk;M
Estela;F
Osa;F
Isadore;M
Phillip;M
Brittnie;F
Lish;M
Ignacio;M
Elliot;M
Euna;F
Araminta;F
Loni;F
Presley;M
Renita;F
Buddie;M
Saniyah;F
Madonna;F
Lotta;F
Wylie;M
Tai;F
Cristofer;M
Audrina;F
Azul;F
Tyrel;M
Tamika;F
Brady;M
Sophronia;F
Waymon;M
Genoveva;F
Orlena;F
Vernal;M
Collier;M
Rocio;F
Lottie;F
Tyrin;M
Arminta;F
Ammon;M
Jamya;F
Keon;M
Ell;M
Jazmine;F
Brock;M
Teagan;M
Shelli;F
Jacalyn;F
Seward;M
Kimora;F
Jonas;M
Katina;F
Trenton;M
Aurthur;M
Mirtie;F
Ann;M
Beadie;F
Gwen;F
Luella;F
Vicie;F
Bertram;M
Adriana;F
Donovan;M
Kathyrn;F
Brandon;M
Ardelle;F
Sabastian;M
Gayla;F
Ressie;F
Lute;M
Jeptha;M
Frieda;F
Derrek;M
Horacio;M
malesie;M
Harlen;M
Jame;M
Beatrix;F
Eddie;M
Linnie;M
Gottlieb;M
Alvia;M
Freddy;M
Truman;M
Dannie;M
Hennie;F
Benedict;M
Derick;M
Berlin;M
Althea;F
Peter;M
Chloe;F
Lillian;M
Rodney;M
Rufus;M
Hunt;M
Yolonda;F
Debra;M
Shad;M
Lurline;F
Mya;F
Williams;M
Waverly;M
Dabney;M
Rosanne;F
Edgardo;M
Tierra;F
Glenwood;M
Rick;M
Marylyn;F
Landyn;M
Yessenia;F
Jadyn;M
Etna;F
Almeta;F
Jessye;F
Lola;M
Fitzhugh;M
Theophile;M
Harriet;F
Thor;M
Honora;F
Lauryn;F
Gladyce;F
Lucindy;F
Nichol;F
Littie;F
Rhys;M
Ansley;F
Belinda;F
Phyliss;F
Skye;F
Sie;M
Georgine;F
Keeley;F
Wendy;F
Allisson;F
Manson;M
Geoff;M
Lenore;F
Viney;F
Anona;F
Brody;M
Wilfrid;M
Ilma;F
Russ;M
Jeanna;F
Andria;F
Marceline;F
Garnett;M
Renaldo;M
Elsie;M
Owens;M
Gasper;M
Bernardo;M
Arvo;M
Vinnie;F
Bailey;M
Savanna;F
Miya;F
Justine;M
Sharyl;F
Sanjuanita;F
Heidi;F
Kelsey;M
Jeanetta;F
Garfield;M
Margurite;F
Tayla;F
Stefanie;F
Green;M
Jamal;M
Nya;F
Jamarcus;M
Aaron;M
Alisha;F
Angelica;F
Sharday;F
Arba;M
Jeremie;M
Minda;F
Paulina;F
Arline;F
Mariano;M
China;F
Cortez;M
Alexandra;F
Dosha;F
Melbourne;M
Jasmyne;F
Jena;F
Jaquez;M
Sophia;F
Malcolm;M
Wood;M
Lavelle;F
Birtie;F
Nyree;F
Blaze;M
Benson;M
Sharee;F
June;M
Stacy;M
Miriam;F
Dillion;M
Sydell;F
Genevieve;F
Sandy;M
Anaya;F
Marguerite;F
Konner;M
Williemae;F
Johny;M
Lucia;F
Lissette;F
Caylee;F
Laverna;F
Woodson;M
Clair;M
Romie;M
Mylee;F
Lisle;M
Staci;F
Hortensia;F
Macey;F
Margret;F
Mikalah;F
Ben;M
Lawyer;M
Jaden;M
Latrell;M
Gerhard;M
Brooklynn;F
Anibal;M
Madelyn;F
Luz;F
Babette;F
Vashon;M
Con;M
Jared;M
Kinsley;F
Diego;M
Michaela;F
Darwin;M
Elden;M
Brook;M
Lorene;F
Diana;F
Carolyn;M
Dorian;M
Annmarie;F
Concha;F
Joesph;M
Almira;F
Haleigh;F
Nevada;F
Jarett;M
Oren;M
Tatsuo;M
Carolann;F
Dellar;F
Beecher;M
Lisa;M
Jaye;F
Loris;F
Yulisa;F
Daniela;F
Helmer;M
Lucian;M
Flint;M
Doris;M
Add;M
Jonathan;M
Clark;M
Felicitas;F
Katlyn;F
Orpha;F
Clella;F
Fritz;M
Charity;F
Lular;F
Lonna;F
Scottie;M
Eliga;M
Josie;F
Jaelyn;F
Eris;F
Eden;M
Lavina;F
Jazlyn;F
Micky;M
Octave;M
Derrick;M
Tahj;M
Shaquita;F
Jordin;F
Mitch;M
Donat;M
Leila;F
Yesenia;F
Jodie;M
Tory;M
Shea;M
Harold;M
Skylar;M
Alla;F
Tavares;M
Terance;M
Boone;M
Anson;M
Yadira;F
Early;M
Merrily;F
Antionette;F
Rheta;F
Braulio;M
Petra;F
Ty;M
Arielle;F
Denis;M
Nonie;F
Alpha;M
Laurel;M
Arch;M
Marylee;F
Camden;M
Isaak;M
Ruthanne;F
Zackery;M
Clarine;F
Auston;M
Tishie;F
Porsche;F
Rayshawn;M
Kierra;F
Jayson;M
Cristian;M
Reynold;M
Winnie;M
Opal;M
Raymon;M
Acie;M
Grayson;M
Aspen;F
Tristin;M
Lilyana;F
Rayford;M
Mikaila;F
Tia;F
Arnetta;F
Vera;M
Patti;F
Uriel;M
Cedrick;M
Bliss;M
Nat;M
Celestine;F
Chloie;F
Chimere;F
Connor;M
Theola;F
Hosteen;M
Carlisle;M
Reanna;F
Lige;M
Adrian;M
Nella;F
Mal;M
Tyrese;M
Alden;M
Kendal;M
Harvy;M
Stephon;M
Moesha;F
Imogene;F
Archie;M
Charline;F
Mercer;M
Alonza;M
Johnathon;M
Jerod;M
Helga;F
Malaki;M
Margeret;F
Delbert;M
Jacquez;M
Devante;M
Mathias;M
Nadia;F
Laken;F
Ada;M
Vickey;F
Kathern;F
Deanne;F
Arbie;M
Felecia;F
Delora;F
Coralie;F
Sage;M
Josefa;F
Mannie;M
Elta;F
Willodean;F
Annabel;F
Leoma;F
Tyree;M
Nehemiah;M
Najee;M
Docia;F
Larae;F
Esker;M
Jamey;M
Nakia;M
Altie;F
Harriett;F
Shelvie;F
Carlyn;F
Crockett;M
Suzanna;F
Teela;F
Aileen;F
Monna;F
Fisher;M
Harvey;M
Aric;M
Evita;F
Oddie;M
Manda;F
Dalton;M
Isabel;F
Nicola;F
Lorna;F
Hershel;M
Jaliyah;F
Madison;M
Malinda;F
Nannette;F
Teena;F
Isa;F
Nelly;F
Burl;M
Meta;F
Erle;M
Yael;M
Foster;M
Jammie;M
Isidor;M
Rakeem;M
Jacoby;M
Bolden;M
Capitola;F
Kalene;F
Israel;M
Leatha;F
Barnett;M
Marcelle;F
Zakary;M
Anjanette;F
Treyton;M
Hazen;M
Delphine;F
Verna;M
Lilliana;F
Ezra;M
Clem;M
Vander;M
Lavenia;F
Lauretta;F
Arrie;F
Dink;M
Almina;F
Alberta;F
Mara;F
Emmons;M
Jaxson;M
Chace;M
Ardeth;F
Geraldo;M
Liller;F
Sandi;F
Elijah;M
Madilynn;F
Cecil;M
Nathanial;M
Almyra;F
Carlton;M
Jessika;F
Pedro;M
Lawrance;M
Roma;M
Ephriam;M
Izetta;F
Abie;M
Kimberli;F
Elayne;F
Elvis;M
Alan;M
Ashlynn;F
Jayme;M
Babymale;M
Virgle;M
Burleigh;M
Jerrod;M
Charlee;F
Ayesha;F
Lugenia;F
Hugo;M
Gilmer;M
Vincenza;F
Cailyn;F
Benard;M
Orene;F
Stephania;F
Lennon;M
Evaline;F
Clementina;F
Marissa;F
Rory;M
Olivine;F
Jaylene;F
Mohammed;M
Dwan;F
Jed;M
Lilianna;F
Cilla;F
Caldonia;F
Haven;M
Fairy;F
Lauri;F
Rexford;M
Jayvon;M
Takisha;F
Abdul;M
Irvine;M
Dalvin;M
Danial;M
Vern;M
Marlys;F
Male;M
Torrence;M
Sheryl;F
Mervin;M
Beyonce;F
Plummer;M
Earle;M
Bobbie;M
Tyrique;M
Adrianna;F
Ricky;M
Travis;M
Micheal;M
Shalon;F
Deyanira;F
Hanna;F
Rodger;M
Madlyn;F
Meda;F
Buel;M
Montel;M
Janiah;F
Lulu;F
Cheri;F
Tre;M
Carisa;F
Oris;M
Lavera;F
Oda;M
August;M
Reynolds;M
Allena;F
Laisha;F
Cletus;M
Delois;F
Jacey;F
Desiree;F
Susanne;F
Press;M
Jaleel;M
Chana;F
Devontae;M
Ancil;M
Nanette;F
Carolyne;F
Bettie;F
Hjalmar;M
Jennette;F
Lara;F
Olevia;F
Reyes;M
Sherryl;F
Rella;F
Derrell;M
Miesha;F
Waldemar;M
Cristina;F
Rosario;M
Micaela;F
Jett;M
Karis;F
Amir;M
Malissa;F
Lanie;F
Orlin;M
Jonathon;M
Brayan;M
Tea;F
Maye;F
Phylicia;F
Tyrek;M
Cressie;F
Al;M
Melba;F
Dominik;M
Jayden;M
Lahoma;F
Emmer;F
Christi;F
Ashely;F
Hall;M
Karim;M
Adell;F
Aleck;M
Isidro;M
Allyssa;F
Nile;M
Mykel;M
Ever;F
Harlene;F
Shawanda;F
Arlis;M
Michaele;F
Darold;M
Dortha;F
Marin;F
Nancie;F
Mellissa;F
Lim;M
Leonie;F
Bulah;F
Lawrence;M
Braden;M
Gregory;M
Buffy;F
Talen;M
Roddy;M
Cohen;M
Johnny;M
Zaire;M
Maddox;M
Terrance;M
Scotty;M
Lashawn;M
Connie;M
Dona;F
Dotty;F
Alycia;F
Ieshia;F
Basil;M
Carri;F
Domenic;M
Shon;M
Marsha;F
Melva;F
America;F
Kahlil;M
Dashawn;M
Morton;M
Gorden;M
Rosemarie;F
Zaiden;M
Esta;M
Stephaine;F
Randolf;M
Mike;M
Leighton;M
Estill;M
Oswaldo;M
Rance;M
Carnell;M
Zoe;F
Wilhelmina;F
Deborrah;F
Lizzie;M
Donavon;M
Douglas;M
Darrel;M
Alfredo;M
Maebelle;F
Ofelia;F
Rod;M
Harlie;M
Samual;M
Britton;M
Aili;F
Evelin;F
Danyell;F
Rosalinda;F
Azaria;F
Shani;F
Horton;M
Darren;M
Lyric;M
Everett;M
Clarabelle;F
Woodroe;M
Abbigail;F
Brant;M
Caitlynn;F
Linnea;F
Parker;M
Kolby;M
Drucilla;F
Cathrine;F
Orvis;M
Berneice;F
Neil;M
Shirleyann;F
Drury;M
Harm;M
Clemence;M
Adaline;F
Cedric;M
Quint;M
Beaulah;F
Sydnee;F
Benjiman;M
Eugenie;F
Ginger;F
Jens;M
Deane;M
Deforest;M
Kristine;F
Zachery;M
Sue;F
Eldred;M
Octavius;M
Grafton;M
Rowan;M
Kelley;M
Fiona;F
Russel;M
Manley;M
Kaia;F
Fabian;M
Liza;F
Ally;F
Jaquan;M
Arta;F
Squire;M
Rosco;M
Garett;M
Leyla;F
Shawn;M
Mari;F
Delos;M
Sydney;M
Windell;M
Kathlyn;F
Theda;F
Cathie;F
Sylva;F
Mortimer;M
Elizah;M
Danielle;M
Caroline;M
Priscilla;F
Rosella;F
Halley;M
Tayshaun;M
Mayo;M
Kittie;F
Geovanni;M
Verena;F
Johnpaul;M
Shameka;F
Wilfredo;M
Pleasant;M
Simpson;M
Dani;F
Sharla;F
Lota;F
Masao;M
Arlin;M
Pete;M
Shannan;F
Guthrie;M
Annamae;F
Corinna;F
Ham;M
Yaritza;F
Aedan;M
Luka;M
Aimee;F
Joi;F
Stanislaus;M
Emaline;F
Lenna;F
Rich;M
Irena;F
Marla;F
Golda;F
Leigh;M
Pearline;F
Norah;F
Worley;M
Tressie;F
Kylene;F
Rhiannon;F
Merrill;M
Miller;M
Darryn;M
Brandi;F
Jadiel;M
Alford;M
Rilla;F
Lala;F
Monica;F
Jamila;F
Lisha;F
Clarance;M
Buren;M
Knox;M
Daija;F
Baylee;F
Ruthie;F
Alvin;M
Darrian;M
Angele;F
Darius;M
Ivette;F
Luna;F
Britny;F
Dedric;M
Lilie;F
Torrie;F
Geri;F
Sumner;M
Shavonne;F
Enoch;M
Gay;M
Nilda;F
Bailee;F
Jolene;F
Raoul;M
Cassie;M
Tobe;M
Rena;F
Natalya;F
Ora;M
Floyd;M
Maxine;F
Danyel;F
Lorin;M
Dori;F
Kevon;M
Isidore;M
Baylie;F
Jayne;F
Draven;M
Inez;F
Grayce;F
Martine;F
Lexis;F
Watt;M
Vashti;F
Maximilian;M
Judge;M
Arah;F
Jemima;F
Deante;M
Shonda;F
Libbie;F
Clemente;M
Sharon;M
Demario;M
Murray;M
Flem;M
Kaylyn;F
Gerhardt;M
Sharlene;F
Sidney;M
Maribeth;F
Nena;F
Rand;M
Earline;F
Luetta;F
Council;M
Gerald;M
Kiefer;M
Courtland;M
Alia;F
Jaslene;F
Lonzo;M
Idella;F
Eda;F
Brittnay;F
Guy;M
Mose;M
Arie;F
Ula;F
Lucina;F
Love;M
Guilford;M
Anastacia;F
Bayard;M
Jarrell;M
Isaias;M
Scot;M
Storm;M
Len;M
Leon;M
Darlyne;F
Jeraldine;F
Dillie;F
Huy;M
Elon;M
Myah;F
Maxim;M
Elberta;F
Garey;M
Mathilde;F
Montie;M
Mel;M
Artis;M
Beverley;F
Vernell;M
Yajaira;F
Miguel;M
Veda;F
Edsel;M
Jermaine;M
Jade;M
Amya;F
Franklin;M
Garret;M
Henry;M
Ryan;M
Herma;F
Crissie;F
Freddie;M
Harrison;M
Woody;M
Earlie;M
Park;M
Leia;F
Karon;F
Luster;M
Shirleen;F
Benita;F
Zina;F
Fredric;M
Gee;M
Antony;M
Dustin;M
Yoel;M
Hernan;M
Besse;F
Adriel;M
Wayland;M
Fredericka;F
Abigale;F
Martha;M
Eliseo;M
Toshiko;F
Daxton;M
Reid;M
Ossie;M
Winter;F
Dondre;M
Eduardo;M
Nolan;M
Natalee;F
Orvil;M
Virge;M
Eveline;F
Georgiann;F
Ole;M
Eboni;F
Darrien;M
Asbury;M
Anastacio;M
Mansfield;M
Patty;F
Selene;F
Lurana;F
Rowland;M
Shasta;F
Coleton;M
Jacquelynn;F
Roosevelt;M
Hansel;M
Milan;M
Heaven;F
Albert;M
Reynaldo;M
Leala;F
Floretta;F
Merritt;M
Zelma;F
Marsh;M
Mylie;F
Nichole;F
Tremaine;M
Alta;M
Josefita;F
Retta;F
Needham;M
Jorden;M
Kiarra;F
Tresa;F
Glennie;F
Dwayne;M
Raymundo;M
Sondra;F
Kelly;M
Fronnie;F
Richard;M
Brendan;M
Jayleen;F
Kaden;M
Adelyn;F
Alvena;F
Callum;M
Dameon;M
Elma;F
Ivey;M
Iona;F
Brigid;F
Lowell;M
Rollie;M
Yurem;M
Trumaine;M
Cicely;F
Lilburn;M
Yamilet;F
Aleena;F
Audrianna;F
Emit;M
Barton;M
Thornton;M
April;F
Leisha;F
Shae;F
Florance;F
Tara;F
Fatima;F
Koda;M
Magdalene;F
Dyllan;M
Joshua;M
Nathaniel;M
Page;M
Rex;M
January;F
Barb;F
Aiden;M
Hali;F
Gale;M
Mozella;F
Prentiss;M
Tuan;M
Julius;M
Warner;M
Prudie;F
Kenyon;M
Dane;M
Niki;F
Kelsie;F
Sammie;M
Emett;M
Walker;M
Rubie;F
Leonidas;M
Lura;F
Don;M
Cleva;F
Jones;M
Kenna;F
Tana;F
Damian;M
Roby;M
Adda;F
Grisel;F
Tiffanie;F
Rylie;F
Anthoney;M
Risa;F
Rhea;F
Thomasina;F
Flonnie;F
Coby;M
Shaina;F
Adrain;M
Sena;F
Antonetta;F
Jaron;M
Otis;M
Santina;F
Kendall;M
Roll;M
Attilio;M
Joanne;F
Janessa;F
Leif;M
Efrem;M
Cliff;M
Kitty;F
Levar;M
Jacque;F
Tawana;F
Silvio;M
Joline;F
Hughes;M
Heather;M
Jaeden;M
Jazmyne;F
Onnie;F
Shona;F
Brianda;F
Myla;F
Giuliana;F
Kermit;M
Randel;M
Victoria;F
Masako;F
Ryder;M
Maxwell;M
Deanna;F
Alanzo;M
Philip;M
Hill;M
Stone;M
Lissa;F
Coletta;F
Regena;F
Pratt;M
Alesha;F
Adriene;F
Nataly;F
Ericka;F
Iesha;F
Lolla;F
Christin;F
Chance;M
Jeff;M
Mattie;M
Chaz;M
Nicolle;F
Barrett;M
Judy;M
Elzada;F
Perley;M
Darla;F
Lenon;M
Miles;M
Marquis;M
Louis;M
Nathalie;F
Tracey;M
Valencia;F
Zilpha;F
Angella;F
Arminda;F
Ab;M
Arabella;F
Claudius;M
Fredrick;M
John;M
Elna;F
Amelia;F
Gladys;M
Elda;F
Ason;F
Delphia;F
Franco;M
Cleo;M
Taniya;F
Lillis;F
Bronson;M
Tate;M
Maureen;F
Rebeca;F
Tyson;M
Benny;M
Colter;M
Venice;F
Rosalie;F
Fidel;M
Lesta;F
Luana;F
Louisa;F
Demetric;M
Columbia;F
Willene;F
Felisha;F
Larue;M
Dove;F
Marilou;F
Genie;M
Marquita;F
Destini;F
Bria;F
Larissa;F
Franklyn;M
Collins;M
Finis;M
Hector;M
Mustafa;M
Rock;M
Clora;F
Samantha;M
Adison;F
Sherwin;M
Eppie;F
Lesly;F
Anice;F
Hosea;M
Dakoda;M
Abigail;F
Estie;F
Evie;F
Ruffus;M
Aletha;F
Arizona;F
Nichelle;F
Robin;M
Eileen;F
Joetta;F
Richie;M
Yulissa;F
Paralee;F
Kinley;F
Sloane;F
Clarisa;F
Pauline;M
Monnie;F
Debbie;F
Shawnee;F
Imanol;M
Lorayne;F
Cathey;F
Aleah;F
Lakeisha;F
Allison;M
Kathie;F
Tim;M
Audrey;M
Bret;M
Summer;F
Jorja;F
Casimer;M
Dina;F
Clabe;M
Vada;F
Valeria;F
Kadence;F
Ollie;M
Giles;M
Hays;M
Gustav;M
Samira;F
Nona;F
Danika;F
Celeste;F
Tillie;F
Norine;F
Kylee;F
Michel;M
Marlene;F
Jenni;F
French;M
Seneca;M
Bettyjane;F
Sherita;F
Edson;M
Ethyl;F
Royce;M
Leandra;F
Sawyer;M
Dayton;M
Haylie;F
Colleen;F
Rosalia;F
Adrianne;F
Nasir;M
Latoya;F
Maybelle;F
Roxie;F
Kian;M
Justice;M
Theadore;M
Hilary;M
Erastus;M
Angel;M
Lillard;M
Felice;F
Fern;M
Carry;F
Adam;M
Chrystal;F
Meaghan;F
Elinor;F
Newton;M
Oakley;M
Leota;F
Jaime;M
Alene;F
Florencio;M
Kegan;M
Sebastian;M
Whitley;F
Isham;M
Chip;M
Lindsay;M
Aidan;M
Booker;M
Valorie;F
Ota;F
Tyra;F
Orah;F
Jahiem;M
Caleigh;F
Lily;F
Djuna;F
Lemma;F
Clemmie;M
Humphrey;M
Lady;F
Jerilynn;F
Ronal;M
Robbie;M
Holly;M
Ronald;M
Tami;F
Hughie;M
Braiden;M
Carlota;F
Riya;F
Helena;F
Zelpha;F
Lulah;F
Pluma;F
Wayde;M
Ragna;F
Ward;M
Demian;M
Barrie;M
Darnell;M
Zenas;M
Paris;M
Jovani;M
Eleonora;F
Oswald;M
Omer;M
Boris;M
Cecile;F
Girtha;F
Clevie;F
Malik;M
Clementine;F
Seaborn;M
Liliana;F
Jere;M
Marlo;M
Alwina;F
Kiara;M
Bette;F
Orrin;M
Neal;M
Pamela;M
Shania;F
Macie;F
Myles;M
Letha;F
Triston;M
Lanette;F
Breanna;F
Merrilee;F
Armond;M
Willy;M
Bertrand;M
Delma;M
Roderic;M
Adan;M
Lemmie;M
Trey;M
Marinda;F
Elisa;F
Naomi;F
Manie;F
Kaiya;F
Adrienne;F
Cosmo;M
Ewing;M
Aja;F
Omie;F
Dereon;M
Iris;F
Carole;F
Trevin;M
Tonja;F
Naoma;F
Saige;F
Olga;F
Evert;M
Kinsey;F
Vernon;M
Edra;F
Kara;F
Junior;M
Gaye;F
Cicero;M
Amarion;M
Gurney;M
Rolanda;F
Melissa;M
Duke;M
Lula;M
Garrick;M
Kristina;F
Brion;M
Lorne;M
Leopold;M
Carlee;F
Chadd;M
Soren;M
Lucius;M
Marlie;F
Marry;F
Authur;M
Josiah;M
Lucile;F
Alois;M
Allean;F
Rhett;M
Jagger;M
Desean;M
Louie;M
Ova;M
Kenya;M
Joella;F
Jarrad;M
Santa;F
Son;M
Tevin;M
Federico;M
Gladstone;M
Annamarie;F
Sharif;M
Romello;M
Stevan;M
Kenan;M
Dusty;M
Shade;M
Roswell;M
Deven;M
Toccara;F
Julious;M
Kaylee;F
Fallon;F
Breana;F
Lavada;F
Kasen;M
Karla;F
Dion;M
Kasie;F
Wilbert;M
Luther;M
Angelic;F
Damarcus;M
Laura;M
Quinten;M
Algie;M
Mintie;F
Ballard;M
Mavis;F
Nira;F
Johannah;F
Irvin;M
Dangelo;M
Bowman;M
Makhi;M
Torrey;M
Lynnette;F
Ailene;F
Emry;M
Kisha;F
Lorinda;F
Florene;F
Lilian;F
Elmore;M
Finley;M
Alijah;M
Dionte;M
Heber;M
Malcom;M
Joette;F
Rachael;F
Martez;M
Rudolf;M
Nanna;F
Regenia;F
Roel;M
Kristi;F
Jessi;F
Shafter;M
Pearlene;F
Carlie;M
Christa;F
Tawny;F
Karlene;F
Dagny;F
Herb;M
Fed;M
Lone;M
Denzell;M
Kale;M
Natalia;F
Eura;F
Lucas;M
Allene;F
Portia;F
Gina;F
Gidget;F
Verdie;F
Erwin;M
Arra;F
Yair;M
Celestino;M
Lailah;F
Sheila;F
Karen;M
Daryn;M
Carmelita;F
Timmy;M
Giovanny;M
Prentice;M
Eli;M
Lamar;M
Damond;M
Garland;M
Casimiro;M
Milford;M
Jaimee;F
Santino;M
Makayla;F
Faye;F
Mallorie;F
Lawanda;F
Jamarion;M
Elinore;F
Lew;M
Juwan;M
Osvaldo;M
Fuller;M
Sable;F
Kamora;F
Chaim;M
Antonette;F
Patrice;F
Americo;M
Juston;M
Crawford;M
Roman;M
Edwin;M
Alva;M
Dianna;F
Patrica;F
Louvenia;F
Hayward;M
Ellsworth;M
Clovis;M
Dillard;M
Lesa;F
Lloyd;M
Kari;F
Erland;M
Talan;M
Amit;M
Rustin;M
Joselyn;F
Sergio;M
Polly;F
Kizzy;F
Lovett;M
Crissy;F
Kaiden;M
Isis;F
Hunter;M
Landin;M
Dexter;M
Bruce;M
Marlana;F
Val;M
Vicky;F
Erika;F
Cielo;F
Camille;M
Elvie;M
Hassan;M
Elliott;M
Jeanie;F
Colt;M
Ogden;M
Chastity;F
Otha;M
Jayla;F
Earnestine;F
Perry;M
Annis;F
Kadyn;M
Hildred;F
Vita;F
Loyal;M
Leta;F
Hillary;M
Mazie;F
Zelda;F
Finn;M
Ellamae;F
Francine;F
Will;M
Lexie;M
Jennifer;M
Victorine;F
Osborne;M
Betsy;F
Lorenz;M
Merlin;M
Deedee;F
Tobias;M
Suzann;F
Amare;M
Colvin;M
Annika;F
Dallin;M
Josette;F
Jaheem;M
Deonte;M
Wheeler;M
Tracie;F
Woodie;M
Myrtie;F
Sabina;F
Eino;M
Cyril;M
Dellia;F
Maryellen;F
Minnie;M
Jered;M
Amber;F
Bobbye;F
Katelin;F
Tess;F
Seldon;M
Bryn;F
Mercy;F
Kia;F
Dirk;M
Kiley;M
Abner;M
Hanson;M
Frankie;M
Sonji;F
Antoinette;F
Yasmine;F
Dara;F
Jessy;M
Lila;F
Adah;F
Doyle;M
Leesa;F
Jefferson;M
Bode;M
Pricilla;F
Britta;F
Robert;M
Cleta;F
Christoper;M
Ansel;M
Zachariah;M
Smith;M
Adelia;F
Francies;F
Reason;M
Dema;F
Duncan;M
Lakendra;F
Cullen;M
Matie;F
Dereck;M
Nylah;F
Dessie;M
Karlie;F
Shaneka;F
Vicki;F
Juli;F
Erica;F
Aloys;M
Jaydan;M
Festus;M
Xzavier;M
Tiarra;F
Jakayla;F
Shelton;M
Obie;M
Ardith;F
Keaton;M
Freida;F
Destany;F
Laureen;F
Luciano;M
Admiral;M
Armida;F
Toshio;M
Georgia;M
Sunday;F
Destry;M
Earlene;F
Deirdre;F
Silas;M
Kourtney;F
Janette;F
Hymen;M
Kacy;F
Memphis;M
Madaline;F
Alwilda;F
Vena;F
Dayse;F
Houston;M
Pandora;F
Deangelo;M
Kayley;F
Norton;M
Tony;M
Adele;F
Illya;M
Shaun;M
Catharine;F
Hurley;M
Wayman;M
Helen;M
Valentin;M
Lyndia;F
Ples;M
Sibbie;F
Texas;F
Heriberto;M
Ernesto;M
Lyle;M
Argie;F
William;M
Gaylene;F
Braydon;M
Adela;F
Okey;M
Jocelyn;F
Alf;M
Artie;M
Alyssia;F
Gertrude;M
Eartha;F
Kailey;F
Aurilla;F
Neha;F
Brittany;M
Anwar;M
Shanice;F
Ivor;M
Mae;M
Chaka;F
Aurore;F
Boss;M
Joeseph;M
Francisco;M
Maribel;F
Keenan;M
Edw;M
Biddie;F
Link;M
Ronin;M
Terell;M
Rosetta;F
Shauna;F
Randi;F
Howell;M
Jaret;M
Gregorio;M
Fletcher;M
Louanna;F
Richelle;F
Jaeda;F
Hayley;F
Neva;F
Kyleigh;F
Hobson;M
Melony;F
Elisabeth;F
Henrietta;F
Retha;F
Mary;M
Erline;F
Belva;F
Kiyoko;F
Dedra;F
Kimberely;F
Sonny;M
Luvenia;F
Erick;M
Erna;F
Landan;M
Shana;F
Rayne;F
Alison;F
Esmeralda;F
Launa;F
Chelsy;F
Frederica;F
Amani;F
Mekhi;M
Cheyanne;F
Elva;M
Buster;M
Bernardine;F
Burney;M
Jeffrey;M
Banks;M
Lexi;F
Achsah;F
Humberto;M
Lizeth;F
Mateo;M
Pam;F
Galen;M
Gabriel;M
Berton;M
Thos;M
Bryanna;F
Tyron;M
Abel;M
Jadon;M
Yasmin;F
Adline;F
Bonnie;M
Zana;F
Andreas;M
Hayleigh;F
Melvina;F
Emilie;F
Margaret;M
Narcissus;F
Selah;F
Jerrel;M
Blaine;M
Raina;F
Racquel;F
Johathan;M
Brigitte;F
Bob;M
Tayler;M
Yetta;F
Chelsey;F
Electa;F
Shanika;F
Stanford;M
Ellar;F
Mariah;F
Alfonzo;M
Toni;F
Agustin;M
Hughey;M
Eleanore;F
Jewell;M
Giada;F
Aryanna;F
Jake;M
Amy;M
Vonnie;F
Ahmed;M
Wenzel;M
Kirt;M
Emil;M
Brielle;F
Lewis;M
Nicholas;M
Hollie;M
Fronia;F
Arnold;M
Breanne;F
Cleda;F
Era;F
Madisen;F
Georganna;F
Atha;M
Clyda;F
Claudio;M
Novella;F
Farrah;F
Casandra;F
Pinkie;F
Denine;F
Prince;M
Sabrina;F
Ebba;F
Elgin;M
Lakesha;F
Camryn;M
Jazlene;F
Terrill;M
Verla;F
Austyn;M
Cheryl;M
Hank;M
Loula;F
Sudie;F
Agnes;M
Leilani;F
Bess;F
Rosanna;F
Gus;M
Tilman;M
Ferd;M
Mariela;F
Octavia;F
Larkin;M
Elton;M
Chantel;F
Rosa;M
Tanesha;F
Carmen;M
Dorinda;F
Vida;F
Signa;F
Valerie;F
Shanell;F
Priscila;F
Chas;M
Mitzi;F
Rudy;M
Landon;M
Cordelia;F
Leander;M
Ozell;M
Nunzio;M
Kathryn;M
Trilby;F
Shantel;F
Noma;F
Wally;M
Taft;M
Winona;F
Kevan;M
Darin;M
Dickie;M
Katlin;F
Manford;M
Minta;F
Evans;M
Brittnee;F
Ruffin;M
Jazlynn;F
Amey;F
Xiomara;F
Dann;M
Cher;F
Delphin;M
Shelvia;F
Samatha;F
Eleanor;M
Armand;M
Denver;M
Alonso;M
Luca;M
Victory;F
Camila;F
Alda;F
Alysia;F
Ama;F
Nealie;F
Caswell;M
Domingo;M
Pat;M
Johney;M
Shavon;F
Jerrold;M
Treena;F
Kecia;F
Jeanne;F
Cadence;F
Bonny;F
Blanca;F
Ardis;F
Briley;F
Cathy;F
Latonia;F
Cornelious;M
Hoover;M
Scott;M
Sallie;F
Katia;F
Luc;M
Celesta;F
Donaciano;M
Nathaly;F
Debbi;F
Merilyn;F
Lea;M
Julisa;F
Dimitrios;M
Kacey;F
Kymani;M
Shellie;M
Daisey;F
Iyana;F
Tiffani;F
Anner;F
Nikia;F
Ruth;M
Trever;M
Ione;F
Latrice;F
Marnita;F
Shaunna;F
Roxane;F
Alphonso;M
Edmon;M
Marius;M
Donie;F
Carol;M
Ramona;F
Elmer;M
Cordia;F
Gerry;M
Jaqueline;F
Helaine;F
Wells;M
Rosia;F
Guido;M
Trayvon;M
Eleni;F
Lillie;M
Vlasta;F
Ceasar;M
Sariah;F
Oline;F
Clemie;F
Lynwood;M
Ricki;M
Malvin;M
Nola;F
Caden;M
Buna;F
Berry;M
Taurean;M
Guadalupe;M
Leonard;M
Benjaman;M
Michele;M
Vincenzo;M
Bethann;F
Catalina;F
Marianna;F
Orson;M
Kortney;F
Gaven;M
Nelie;F
Lempi;F
Carmel;M
Adrien;M
Alton;M
Eulalia;F
Exie;F
Margarett;F
Giancarlo;M
Julissa;F
Macy;F
Rosalee;F
Donnell;M
Claudia;F
Dicy;F
Markell;M
Angie;F
Tasha;F
Melvin;M
Gusta;F
Kenny;M
Lelia;F
Marie;M
Vollie;M
Davey;M
Blanche;M
Elian;M
Eligah;M
Korey;M
Diandra;F
Zula;F
Angeles;F
Errol;M
Natalie;F
Alanna;F
Charlsie;F
Jace;M
Minervia;F
Brynn;F
Krish;M
Morgan;M
Mohamed;M
Ethelyn;F
Reino;M
Matthias;M
Talia;F
Yvette;F
Terrie;F
Cleora;F
Myrtis;F
Kacie;F
Lori;F
Sonja;F
Violetta;F
Craig;M
Hermine;F
Ferrell;M
Odette;F
Olin;M
Hartwell;M
Camilla;F
Glendon;M
Andres;M
Kaela;F
Helma;F
Charls;M
Olaf;M
Charles;M
Dossie;F
Joshuah;M
Casimir;M
Randall;M
Annalise;F
Mauricio;M
Debera;F
Princess;F
Gustaf;M
Hoy;M
Alvah;M
Lue;M
Zayne;M
Alexandr;F
Kelton;M
Newell;M
Wyatt;M
Zaid;M
Erlinda;F
Collie;M
Arsenio;M
Mills;M
Hana;F
Haywood;M
Kylan;M
Donavan;M
Rubye;F
Margrett;F
Yoshio;M
Christel;F
Arden;M
Faustino;M
Mychal;M
Bettina;F
Florida;F
Alpheus;M
Clay;M
Gerda;F
Phoenix;M
Cash;M
Doshie;F
Zena;F
Michell;F
Cooper;M
Rashaad;M
Kaelyn;F
Monserrat;F
Reese;M
Augustus;M
Dolores;M
Romeo;M
Karson;M
Kaylah;F
Aisha;F
Mireya;F
Torrance;M
Karrie;F
Noreen;F
Joanna;F
Deeann;F
Junius;M
Laurance;M
Taylor;M
Nelia;F
Ignatius;M
Rutherford;M
Algot;M
Tiesha;F
Lilla;F
Jesica;F
Belen;F
Lex;M
Maci;F
Janna;F
Nannie;F
Raelynn;F
Metta;F
Cleve;M
Verlin;M
Nyah;F
Georgie;M
Khadijah;F
Carolina;F
Maurine;F
Claudie;M
Christeen;F
Gilda;F
Jaclyn;F
Lanita;F
Lydia;F
River;M
Lynette;F
Braeden;M
Chauncey;M
Madilyn;F
Pate;M
Eathel;F
Elwanda;F
Savanah;F
Javen;M
Dena;F
Lynn;M
Antonina;F
Keesha;F
Alverta;F
Raul;M
Richmond;M
Adella;F
Luciana;F
Jettie;M
Nevaeh;F
Arlena;F
Kristie;F
Beatrice;M
Kipp;M
Brycen;M
Meghan;F
Affie;F
Red;M
Jordyn;M
Shaniya;F
Alicia;F
Ivy;M
Sheyla;F
Eve;F
Quinton;M
Vella;F
Ramsey;M
Moses;M
Bert;M
Ebenezer;M
Osie;M
Joye;F
Rosaline;F
Gaither;M
Juliann;F
Rolland;M
Zaniyah;F
Baron;M
Kadijah;F
Kassandra;F
Essence;F
Clotilde;F
Beryl;M
Terrence;M
Byrdie;F
Angelita;F
Lucious;M
Hakeem;M
Lazaro;M
Carmelo;M
Cecilia;F
Leopoldo;M
Chad;M
Gabriella;F
Mina;F
Jeannine;F
Winton;M
Willa;F
Eugenio;M
Kaleb;M
Marty;M
Dandre;M
Shan;M
Ari;M
Wende;F
Loraine;F
Deron;M
Daphne;F
Julianna;F
Jereme;M
Malaya;F
Brandt;M
Alfonso;M
Edmund;M
Tarsha;F
Gaston;M
Mattye;F
Oliva;F
Ima;F
Benjamen;M
Ottis;M
Dewayne;M
Denzil;M
Zeta;F
Young;M
Charlene;F
Bush;M
Emmett;M
Reed;M
Brenna;F
Nina;F
Ettie;F
Celie;F
Kerwin;M
Abdullah;M
Minor;M
Bedford;M
Betsey;F
Nash;M
Gigi;F
Margarita;F
Estelle;F
Hilbert;M
Greggory;M
Hilmer;M
Margarette;F
Marjorie;F
Shira;F
Neta;F
Alfie;M
Wing;M
Idabelle;F
Leatrice;F
Mikel;M
Randolph;M
Merrie;F
Jazmin;F
Joselin;F
Davina;F
Buell;M
Ewald;M
Worth;M
Vicy;F
Gil;M
Thurlow;M
Cornel;M
Vonda;F
Arvel;M
Noble;M
Levina;F
Arvilla;F
Aden;M
Keshia;F
Thurman;M
Shonna;F
Paul;M
Kennith;M
Devon;M
Ferris;M
Robby;M
Wess;M
Ottilia;F
Renard;M
Velma;F
Kellen;M
Selmer;M
Marvel;F
Rueben;M
Ethie;F
Clotilda;F
Enola;F
Martell;M
